"L1","ARCID","dir","ID","x","y","idx_in_line_seg","ID_nxt","pt_type","loc_ID_tmp","d_nxt","LD2","LD","idx_nxt_tmp","total_population","rptMStateK","uwwLoadEnt","uwwCapacit","uwwPrimary","uwwSeconda","f_STP","is_canal","canal_id","canal_name","canal_idx","canal_upstream_ids","canal_downstream_ids","canal_upstream_count","canal_downstream_count","canal_pt_type","chainage_m","canal_reach_chainage_m","canal_d_nxt_m","Q_design_m3s","Q_model_m3s","Q_source","Q_source_id","Q_reference_short","Q_reference_url","Q_regime","Q_data_period","Q_season","Q_value_origin","Q_derivation_rule","Q_source_note","HL_ID_new","lake_in","lake_out","node_type","LINKNO","UP_CELLS","UPLAND_SKM","X","Y","display_pt_type","junction_role","slope","T_AIR","Wind","basin_id"
1,404385,4,"P_00001",0.212499999999924,6.21666666666651,1,"P_00002","START","0.2125_6.216667",3227.97086439025,0,0,NA,NA,NA,NA,NA,NA,NA,NA,FALSE,NA,NA,NA,NA,NA,NA,NA,NA,NA,NA,NA,NA,NA,NA,NA,NA,NA,NA,NA,NA,NA,NA,NA,0,0,0,NA,NA,NA,NA,0.212499999999924,6.21666666666651,"START",NA,1.38737535476685,NA,NA,"volta_crypto_wet"
1,404385,2,"P_00002",0.212499999999924,6.18749999999984,2,"Source00001","node","0.2125_6.1875",180.663542560667,3243.19045100937,3243.19045100937,NA,NA,NA,NA,NA,NA,NA,NA,FALSE,NA,NA,NA,NA,NA,NA,NA,NA,NA,NA,NA,NA,NA,NA,NA,NA,NA,NA,NA,NA,NA,NA,NA,0,0,0,NA,NA,NA,NA,0.212499999999924,6.18749999999984,"node",NA,4.63839864730835,NA,NA,"volta_crypto_wet"
1,404385,0,"Source00001",0.21365384003533,6.18634619050451,3,"P_00003","agglomeration",NA,1124.15326297664,3424.10593025808,3424.10593025808,NA,0.16272397339344,"GH",NA,NA,NA,NA,NA,FALSE,NA,NA,NA,NA,NA,NA,NA,NA,NA,NA,NA,NA,NA,NA,NA,NA,NA,NA,NA,NA,NA,NA,NA,0,0,0,"agglomeration",NA,NA,NA,0.21365384003533,6.18634619050451,"agglomeration",NA,5.37834644317627,NA,NA,"volta_crypto_wet"
1,404385,1,"P_00003",0.220833333333257,6.17916666666651,4,"P_00004","node","0.220833_6.179167",923.016657624411,4549.83097663102,4549.83097663102,NA,NA,NA,NA,NA,NA,NA,NA,FALSE,NA,NA,NA,NA,NA,NA,NA,NA,NA,NA,NA,NA,NA,NA,NA,NA,NA,NA,NA,NA,NA,NA,NA,0,0,0,NA,NA,NA,NA,0.220833333333257,6.17916666666651,"node",NA,3.60784602165222,NA,NA,"volta_crypto_wet"
1,404385,4,"P_00004",0.22916666666659,6.1791666666665,5,"P_00026","node","0.229167_6.179167",0,5471.07327922295,5471.07327922295,NA,NA,NA,NA,NA,NA,NA,NA,FALSE,NA,NA,NA,NA,NA,NA,NA,NA,NA,NA,NA,NA,NA,NA,NA,NA,NA,NA,NA,NA,NA,NA,NA,0,0,0,NA,NA,NA,NA,0.22916666666659,6.1791666666665,"JNCT","coincident_confluence_node",2.61475467681885,NA,NA,"volta_crypto_wet"
2,404386,4,"P_00005",0.250000047811225,6.2250000015708,1,"P_00006","START","0.25_6.225",652.361419986228,45362.6314606161,45362.6314606161,NA,NA,NA,NA,NA,NA,NA,NA,FALSE,NA,NA,NA,NA,NA,NA,NA,NA,NA,NA,NA,NA,NA,NA,NA,NA,NA,NA,NA,NA,NA,NA,NA,0,0,0,NA,NA,NA,NA,0.250000047811225,6.2250000015708,"START",NA,2.06768321990967,NA,NA,"volta_crypto_wet"
2,404386,8,"P_00006",0.254166666666592,6.22083333333318,2,"P_00007","node","0.254167_6.220833",1304.73994386481,44710.2700406299,44710.2700406299,NA,NA,NA,NA,NA,NA,NA,NA,FALSE,NA,NA,NA,NA,NA,NA,NA,NA,NA,NA,NA,NA,NA,NA,NA,NA,NA,NA,NA,NA,NA,NA,NA,0,0,0,NA,NA,NA,NA,0.254166666666592,6.22083333333318,"node",NA,2.09334683418274,NA,NA,"volta_crypto_wet"
2,404386,4,"P_00007",0.245833333333255,6.21249999999984,3,"P_00008","node","0.245833_6.2125",922.251745948969,43405.5300967651,43405.5300967651,NA,NA,NA,NA,NA,NA,NA,NA,FALSE,NA,NA,NA,NA,NA,NA,NA,NA,NA,NA,NA,NA,NA,NA,NA,NA,NA,NA,NA,NA,NA,NA,NA,0,0,0,NA,NA,NA,NA,0.245833333333255,6.21249999999984,"node",NA,2.06768321990967,NA,NA,"volta_crypto_wet"
2,404386,8,"P_00008",0.245833333333255,6.20416666666651,4,"P_00009","node","0.245833_6.204167",2609.55766432685,42483.2783508161,42483.2783508161,NA,NA,NA,NA,NA,NA,NA,NA,FALSE,NA,NA,NA,NA,NA,NA,NA,NA,NA,NA,NA,NA,NA,NA,NA,NA,NA,NA,NA,NA,NA,NA,NA,0,0,0,NA,NA,NA,NA,0.245833333333255,6.20416666666651,"node",NA,3.01266980171204,NA,NA,"volta_crypto_wet"
2,404386,4,"P_00009",0.229166666666589,6.18749999999984,5,"P_00010","node","0.229167_6.1875",922.263859675869,39873.7206864893,39873.7206864893,NA,NA,NA,NA,NA,NA,NA,NA,FALSE,NA,NA,NA,NA,NA,NA,NA,NA,NA,NA,NA,NA,NA,NA,NA,NA,NA,NA,NA,NA,NA,NA,NA,0,0,0,NA,NA,NA,NA,0.229166666666589,6.18749999999984,"node",NA,2.63507437705994,NA,NA,"volta_crypto_wet"
2,404386,4,"P_00010",0.22916666666659,6.1791666666665,6,"P_00026","node","0.229167_6.179167",0,38951.4568268134,38951.4568268134,NA,NA,NA,NA,NA,NA,NA,NA,FALSE,NA,NA,NA,NA,NA,NA,NA,NA,NA,NA,NA,NA,NA,NA,NA,NA,NA,NA,NA,NA,NA,NA,NA,0,0,0,NA,NA,NA,NA,0.22916666666659,6.1791666666665,"JNCT","coincident_confluence_node",2.61475467681885,NA,NA,"volta_crypto_wet"
3,405194,2,"P_00011",0.0875000000000168,6.15416666666641,1,"P_00012","START","0.0875_6.154167",3914.99465245731,45482.2577756159,45482.2577756159,NA,NA,NA,NA,NA,NA,NA,NA,FALSE,NA,NA,NA,NA,NA,NA,NA,NA,NA,NA,NA,NA,NA,NA,NA,NA,NA,NA,NA,NA,NA,NA,NA,0,0,0,NA,NA,NA,NA,0.0875000000000168,6.15416666666641,"START",NA,0,NA,NA,"volta_crypto_wet"
3,405194,1,"P_00012",0.112499999999923,6.12916666666651,2,"P_00013","node","0.1125_6.129167",923.188984674636,41567.2631231586,41567.2631231586,NA,NA,NA,NA,NA,NA,NA,NA,FALSE,NA,NA,NA,NA,NA,NA,NA,NA,NA,NA,NA,NA,NA,NA,NA,NA,NA,NA,NA,NA,NA,NA,NA,0,0,0,NA,NA,NA,NA,0.112499999999923,6.12916666666651,"node",NA,0,NA,NA,"volta_crypto_wet"
3,405194,2,"P_00013",0.120833333333259,6.12916666666651,3,"P_00021","node","0.120833_6.129167",0,40644.0741384839,40644.0741384839,NA,NA,NA,NA,NA,NA,NA,NA,FALSE,NA,NA,NA,NA,NA,NA,NA,NA,NA,NA,NA,NA,NA,NA,NA,NA,NA,NA,NA,NA,NA,NA,NA,0,0,0,NA,NA,NA,NA,0.120833333333259,6.12916666666651,"JNCT","coincident_confluence_node",0,NA,NA,"volta_crypto_wet"
4,405195,1,"P_00014",0.133333333333258,6.18333333333317,1,"Source00002","START","0.133333_6.183333",1442.25238213494,0,0,NA,NA,NA,NA,NA,NA,NA,NA,FALSE,NA,NA,NA,NA,NA,NA,NA,NA,NA,NA,NA,NA,NA,NA,NA,NA,NA,NA,NA,NA,NA,NA,NA,0,0,0,NA,NA,NA,NA,0.133333333333258,6.18333333333317,"START",NA,1.34830093383789,NA,NA,"volta_crypto_wet"
4,405195,0,"Source00002",0.142543807659211,6.17412297129154,2,"P_00015","agglomeration",NA,515.113291257638,1444.1708762647,1444.1708762647,NA,26.2485469207168,"GH",NA,NA,NA,NA,NA,FALSE,NA,NA,NA,NA,NA,NA,NA,NA,NA,NA,NA,NA,NA,NA,NA,NA,NA,NA,NA,NA,NA,NA,NA,0,0,0,"agglomeration",NA,NA,NA,0.142543807659211,6.17412297129154,"agglomeration",NA,2.19299006462097,NA,NA,"volta_crypto_wet"
4,405195,4,"P_00015",0.145833333333259,6.17083333333317,3,"Source00003","node","0.145833_6.170833",1565.30799030828,1959.97229549327,1959.97229549327,NA,NA,NA,NA,NA,NA,NA,NA,FALSE,NA,NA,NA,NA,NA,NA,NA,NA,NA,NA,NA,NA,NA,NA,NA,NA,NA,NA,NA,NA,NA,NA,NA,0,0,0,NA,NA,NA,NA,0.145833333333259,6.17083333333317,"node",NA,1.38737535476685,NA,NA,"volta_crypto_wet"
4,405195,0,"Source00003",0.145833348760383,6.1566906190044,4,"P_00016","agglomeration",NA,279.349606656687,3532.57284620688,3532.57284620688,NA,7.18547085253522,"GH",NA,NA,NA,NA,NA,FALSE,NA,NA,NA,NA,NA,NA,NA,NA,NA,NA,NA,NA,NA,NA,NA,NA,NA,NA,NA,NA,NA,NA,NA,0,0,0,"agglomeration",NA,NA,NA,0.145833348760383,6.1566906190044,"agglomeration",NA,2.55281853675842,NA,NA,"volta_crypto_wet"
4,405195,8,"P_00016",0.145833333333258,6.15416666666651,5,"P_00017","node","0.145833_6.154167",1304.94070949339,3813.22398179068,3813.22398179068,NA,NA,NA,NA,NA,NA,NA,NA,FALSE,NA,NA,NA,NA,NA,NA,NA,NA,NA,NA,NA,NA,NA,NA,NA,NA,NA,NA,NA,NA,NA,NA,NA,0,0,0,NA,NA,NA,NA,0.145833333333258,6.15416666666651,"node",NA,1.17910623550415,NA,NA,"volta_crypto_wet"
4,405195,16,"P_00017",0.137499999999925,6.14583333333318,6,"Source00004","node","0.1375_6.145833",756.432282345549,5119.90533659999,5119.90533659999,NA,NA,NA,NA,NA,NA,NA,NA,FALSE,NA,NA,NA,NA,NA,NA,NA,NA,NA,NA,NA,NA,NA,NA,NA,NA,NA,NA,NA,NA,NA,NA,NA,0,0,0,NA,NA,NA,NA,0.137499999999925,6.14583333333318,"node",NA,0.981118381023407,NA,NA,"volta_crypto_wet"
4,405195,0,"Source00004",0.130671609933683,6.14583334296677,7,"P_00018","agglomeration",NA,166.714523598938,5874.82497058369,5874.82497058369,NA,0.0407248970586807,"GH",NA,NA,NA,NA,NA,FALSE,NA,NA,NA,NA,NA,NA,NA,NA,NA,NA,NA,NA,NA,NA,NA,NA,NA,NA,NA,NA,NA,NA,NA,0,0,0,"agglomeration",NA,NA,NA,0.130671609933683,6.14583334296677,"agglomeration",NA,3.41069149971008,NA,NA,"volta_crypto_wet"
4,405195,8,"P_00018",0.129166666666592,6.14583333333318,8,"P_00019","node","0.129167_6.145833",1304.96963313661,6041.20550968098,6041.20550968098,NA,NA,NA,NA,NA,NA,NA,NA,FALSE,NA,NA,NA,NA,NA,NA,NA,NA,NA,NA,NA,NA,NA,NA,NA,NA,NA,NA,NA,NA,NA,NA,NA,0,0,0,NA,NA,NA,NA,0.129166666666592,6.14583333333318,"node",NA,2.79228663444519,NA,NA,"volta_crypto_wet"
4,405195,4,"P_00019",0.12083333333326,6.13749999999984,9,"P_00020","node","0.120833_6.1375",922.347974991302,7347.89703763715,7347.89703763715,NA,NA,NA,NA,NA,NA,NA,NA,FALSE,NA,NA,NA,NA,NA,NA,NA,NA,NA,NA,NA,NA,NA,NA,NA,NA,NA,NA,NA,NA,NA,NA,NA,0,0,0,NA,NA,NA,NA,0.12083333333326,6.13749999999984,"node",NA,0,NA,NA,"volta_crypto_wet"
4,405195,2,"P_00020",0.120833333333259,6.12916666666651,10,"P_00021","node","0.120833_6.129167",0,8274.52288078299,8274.52288078299,NA,NA,NA,NA,NA,NA,NA,NA,FALSE,NA,NA,NA,NA,NA,NA,NA,NA,NA,NA,NA,NA,NA,NA,NA,NA,NA,NA,NA,NA,NA,NA,NA,0,0,0,NA,NA,NA,NA,0.120833333333259,6.12916666666651,"JNCT","coincident_confluence_node",0,NA,NA,"volta_crypto_wet"
5,405587,2,"P_00021",0.120833333333259,6.12916666666651,1,"Source00005","JNCT","0.120833_6.129167",2082.93196448759,0,0,NA,NA,NA,NA,NA,NA,NA,NA,FALSE,NA,NA,NA,NA,NA,NA,NA,NA,NA,NA,NA,NA,NA,NA,NA,NA,NA,NA,NA,NA,NA,NA,NA,0,0,0,NA,NA,NA,NA,0.120833333333259,6.12916666666651,"JNCT","fan_in_receiver",0,NA,NA,"volta_crypto_wet"
5,405587,0,"Source00005",0.134134490485888,6.11586567438104,2,"P_00022","agglomeration",NA,527.047751768512,2085.68535485474,2085.68535485474,NA,606.083399626543,"GH",NA,NA,NA,NA,NA,FALSE,NA,NA,NA,NA,NA,NA,NA,NA,NA,NA,NA,NA,NA,NA,NA,NA,NA,NA,NA,NA,NA,NA,NA,0,0,0,"agglomeration",NA,NA,NA,0.134134490485888,6.11586567438104,"agglomeration",NA,1.34830093383789,NA,NA,"volta_crypto_wet"
5,405587,1,"P_00022",0.137499999999925,6.11249999999984,3,"Source00006","node","0.1375_6.1125",298.59136558784,2613.43379852589,2613.43379852589,NA,NA,NA,NA,NA,NA,NA,NA,FALSE,NA,NA,NA,NA,NA,NA,NA,NA,NA,NA,NA,NA,NA,NA,NA,NA,NA,NA,NA,NA,NA,NA,NA,0,0,0,NA,NA,NA,NA,0.137499999999925,6.11249999999984,"node",NA,0,NA,NA,"volta_crypto_wet"
5,405587,0,"Source00006",0.140195257656591,6.11250001416917,4,"P_00023","agglomeration",NA,624.606195586593,2911.42937624997,2911.42937624997,NA,227.911931325682,"GH",NA,NA,NA,NA,NA,FALSE,NA,NA,NA,NA,NA,NA,NA,NA,NA,NA,NA,NA,NA,NA,NA,NA,NA,NA,NA,NA,NA,NA,NA,0,0,0,"agglomeration",NA,NA,NA,0.140195257656591,6.11250001416917,"agglomeration",NA,2.31148958206177,NA,NA,"volta_crypto_wet"
5,405587,2,"P_00023",0.145833333333257,6.11249999999984,5,"Source00007","node","0.145833_6.1125",745.449666437638,3534.79153026919,3534.79153026919,NA,NA,NA,NA,NA,NA,NA,NA,FALSE,NA,NA,NA,NA,NA,NA,NA,NA,NA,NA,NA,NA,NA,NA,NA,NA,NA,NA,NA,NA,NA,NA,NA,0,0,0,NA,NA,NA,NA,0.145833333333257,6.11249999999984,"node",NA,1.34830093383789,NA,NA,"volta_crypto_wet"
5,405587,0,"Source00007",0.150593648525294,6.10773974726152,6,"P_00024","agglomeration",NA,559.531531147882,4281.24015843269,4281.24015843269,NA,142.456957453396,"GH",NA,NA,NA,NA,NA,FALSE,NA,NA,NA,NA,NA,NA,NA,NA,NA,NA,NA,NA,NA,NA,NA,NA,NA,NA,NA,NA,NA,NA,NA,0,0,0,"agglomeration",NA,NA,NA,0.150593648525294,6.10773974726152,"agglomeration",NA,8.1219425201416,NA,NA,"volta_crypto_wet"
5,405587,1,"P_00024",0.154166666666591,6.10416666666651,7,"Source00008","node","0.154167_6.104167",1610.56923853503,4841.52361419589,4841.52361419589,NA,NA,NA,NA,NA,NA,NA,NA,FALSE,NA,NA,NA,NA,NA,NA,NA,NA,NA,NA,NA,NA,NA,NA,NA,NA,NA,NA,NA,NA,NA,NA,NA,0,0,0,NA,NA,NA,NA,0.154166666666591,6.10416666666651,"node",NA,0,NA,NA,"volta_crypto_wet"
5,405587,0,"Source00008",0.168704650888129,6.10416680828989,8,"P_00025","agglomeration",NA,1159.00660658077,6448.91073260896,6448.91073260896,NA,331.812154513056,"GH",NA,NA,NA,NA,NA,FALSE,NA,NA,NA,NA,NA,NA,NA,NA,NA,NA,NA,NA,NA,NA,NA,NA,NA,NA,NA,NA,NA,NA,NA,0,0,0,"agglomeration",NA,NA,NA,0.168704650888129,6.10416680828989,"agglomeration",NA,4.25664043426514,NA,NA,"volta_crypto_wet"
5,405587,2,"P_00025",0.179166666666589,6.10416666666651,9,"P_00037","node","0.179167_6.104167",0,7605.63983202678,7605.63983202678,NA,NA,NA,NA,NA,NA,NA,NA,FALSE,NA,NA,NA,NA,NA,NA,NA,NA,NA,NA,NA,NA,NA,NA,NA,NA,NA,NA,NA,NA,NA,NA,NA,0,0,0,NA,NA,NA,NA,0.179166666666589,6.10416666666651,"JNCT","coincident_confluence_node",3.23440170288086,NA,NA,"volta_crypto_wet"
6,405588,4,"P_00026",0.22916666666659,6.1791666666665,1,"P_00027","JNCT","0.229167_6.179167",3689.05289963918,0,0,NA,NA,NA,NA,NA,NA,NA,NA,FALSE,NA,NA,NA,NA,NA,NA,NA,NA,NA,NA,NA,NA,NA,NA,NA,NA,NA,NA,NA,NA,NA,NA,NA,0,0,0,NA,NA,NA,NA,0.22916666666659,6.1791666666665,"JNCT","fan_in_receiver",2.61475467681885,NA,NA,"volta_crypto_wet"
6,405588,8,"P_00027",0.229166666666591,6.14583333333318,2,"P_00028","node","0.229167_6.145833",1304.85779603369,3706.50337258226,3706.50337258226,NA,NA,NA,NA,NA,NA,NA,NA,FALSE,NA,NA,NA,NA,NA,NA,NA,NA,NA,NA,NA,NA,NA,NA,NA,NA,NA,NA,NA,NA,NA,NA,NA,0,0,0,NA,NA,NA,NA,0.229166666666591,6.14583333333318,"node",NA,0.981118381023407,NA,NA,"volta_crypto_wet"
6,405588,16,"P_00028",0.220833333333257,6.13749999999984,3,"Source00009","node","0.220833_6.1375",560.233521289632,5013.19490053842,5013.19490053842,NA,NA,NA,NA,NA,NA,NA,NA,FALSE,NA,NA,NA,NA,NA,NA,NA,NA,NA,NA,NA,NA,NA,NA,NA,NA,NA,NA,NA,NA,NA,NA,NA,0,0,0,NA,NA,NA,NA,0.220833333333257,6.13749999999984,"node",NA,1.34830093383789,NA,NA,"volta_crypto_wet"
6,405588,0,"Source00009",0.215775763089385,6.13750001550804,4,"P_00029","agglomeration",NA,362.861741814991,5572.34849241437,5572.34849241437,NA,37.3359703999013,"GH",NA,NA,NA,NA,NA,FALSE,NA,NA,NA,NA,NA,NA,NA,NA,NA,NA,NA,NA,NA,NA,NA,NA,NA,NA,NA,NA,NA,NA,NA,0,0,0,"agglomeration",NA,NA,NA,0.215775763089385,6.13750001550804,"agglomeration",NA,1.76077890396118,NA,NA,"volta_crypto_wet"
6,405588,4,"P_00029",0.212499999999924,6.13749999999984,5,"P_00030","node","0.2125_6.1375",922.275299464173,5934.5094925196,5934.5094925196,NA,NA,NA,NA,NA,NA,NA,NA,FALSE,NA,NA,NA,NA,NA,NA,NA,NA,NA,NA,NA,NA,NA,NA,NA,NA,NA,NA,NA,NA,NA,NA,NA,0,0,0,NA,NA,NA,NA,0.212499999999924,6.13749999999984,"node",NA,2.55281853675842,NA,NA,"volta_crypto_wet"
6,405588,8,"P_00030",0.212499999999924,6.12916666666651,6,"P_00031","node","0.2125_6.129167",1304.89612955042,6861.13533566568,6861.13533566568,NA,NA,NA,NA,NA,NA,NA,NA,FALSE,NA,NA,NA,NA,NA,NA,NA,NA,NA,NA,NA,NA,NA,NA,NA,NA,NA,NA,NA,NA,NA,NA,NA,0,0,0,NA,NA,NA,NA,0.212499999999924,6.12916666666651,"node",NA,2.28828239440918,NA,NA,"volta_crypto_wet"
6,405588,4,"P_00031",0.204166666666592,6.12083333333317,7,"Source00010","node","0.204167_6.120833",503.834708907656,8167.84716893091,8167.84716893091,NA,NA,NA,NA,NA,NA,NA,NA,FALSE,NA,NA,NA,NA,NA,NA,NA,NA,NA,NA,NA,NA,NA,NA,NA,NA,NA,NA,NA,NA,NA,NA,NA,0,0,0,NA,NA,NA,NA,0.204166666666592,6.12083333333317,"node",NA,2.81131649017334,NA,NA,"volta_crypto_wet"
6,405588,0,"Source00010",0.204166673953281,6.11628090200018,8,"P_00032","agglomeration",NA,418.446597016682,8674.0552316075,8674.0552316075,NA,13.4702034993097,"GH",NA,NA,NA,NA,NA,FALSE,NA,NA,NA,NA,NA,NA,NA,NA,NA,NA,NA,NA,NA,NA,NA,NA,NA,NA,NA,NA,NA,NA,NA,0,0,0,"agglomeration",NA,NA,NA,0.204166673953281,6.11628090200018,"agglomeration",NA,2.09334683418274,NA,NA,"volta_crypto_wet"
6,405588,2,"P_00032",0.204166666666592,6.11249999999984,9,"Source00011","node","0.204167_6.1125",784.31348607171,9094.47301207811,9094.47301207811,NA,NA,NA,NA,NA,NA,NA,NA,FALSE,NA,NA,NA,NA,NA,NA,NA,NA,NA,NA,NA,NA,NA,NA,NA,NA,NA,NA,NA,NA,NA,NA,NA,0,0,0,NA,NA,NA,NA,0.204166666666592,6.11249999999984,"node",NA,3.65181660652161,NA,NA,"volta_crypto_wet"
6,405588,0,"Source00011",0.209175407369626,6.10749132014182,10,"P_00033","agglomeration",NA,520.602559640033,9879.87686335179,9879.87686335179,NA,246.993284631986,"GH",NA,NA,NA,NA,NA,FALSE,NA,NA,NA,NA,NA,NA,NA,NA,NA,NA,NA,NA,NA,NA,NA,NA,NA,NA,NA,NA,NA,NA,NA,0,0,0,"agglomeration",NA,NA,NA,0.209175407369626,6.10749132014182,"agglomeration",NA,4.54601383209229,NA,NA,"volta_crypto_wet"
6,405588,1,"P_00033",0.212499999999924,6.10416666666651,11,"Source00012","node","0.2125_6.104167",133.013381437225,10401.2050960045,10401.2050960045,NA,NA,NA,NA,NA,NA,NA,NA,FALSE,NA,NA,NA,NA,NA,NA,NA,NA,NA,NA,NA,NA,NA,NA,NA,NA,NA,NA,NA,NA,NA,NA,NA,0,0,0,NA,NA,NA,NA,0.212499999999924,6.10416666666651,"node",NA,3.01266980171204,NA,NA,"volta_crypto_wet"
6,405588,0,"Source00012",0.213700713179549,6.10416667464034,12,"P_00034","agglomeration",NA,790.139228641861,10533.9615269289,10533.9615269289,NA,0.258552046958357,"GH",NA,NA,NA,NA,NA,FALSE,NA,NA,NA,NA,NA,NA,NA,NA,NA,NA,NA,NA,NA,NA,NA,NA,NA,NA,NA,NA,NA,NA,NA,0,0,0,"agglomeration",NA,NA,NA,0.213700713179549,6.10416667464034,"agglomeration",NA,1.63491308689117,NA,NA,"volta_crypto_wet"
6,405588,1,"P_00034",0.220833333333257,6.10416666666651,13,"P_00041","node","0.220833_6.104167",0,11322.5771686883,11322.5771686883,NA,NA,NA,NA,NA,NA,NA,NA,FALSE,NA,NA,NA,NA,NA,NA,NA,NA,NA,NA,NA,NA,NA,NA,NA,NA,NA,NA,NA,NA,NA,NA,NA,0,0,0,NA,NA,NA,NA,0.220833333333257,6.10416666666651,"JNCT","coincident_confluence_node",0,NA,NA,"volta_crypto_wet"
7,405740,64,"P_00035",0.17916666666659,6.09583333333318,1,"Source00013","JNCT","0.179167_6.095833",545.867772630772,0,0,NA,NA,NA,NA,NA,NA,NA,NA,FALSE,NA,NA,NA,NA,NA,NA,NA,NA,NA,NA,NA,NA,NA,NA,NA,NA,NA,NA,NA,NA,NA,NA,NA,0,0,0,NA,NA,NA,NA,0.17916666666659,6.09583333333318,"JNCT","fan_in_receiver",2.09334683418274,NA,NA,"volta_crypto_wet"
7,405740,0,"Source00013",0.179166673831845,6.10076545534124,2,"P_00036","agglomeration",NA,376.432679237057,548.427805706811,548.427805706811,NA,69.0494343051687,"GH",NA,NA,NA,NA,NA,FALSE,NA,NA,NA,NA,NA,NA,NA,NA,NA,NA,NA,NA,NA,NA,NA,NA,NA,NA,NA,NA,NA,NA,NA,0,0,0,"agglomeration",NA,NA,NA,0.179166673831845,6.10076545534124,"agglomeration",NA,1.84955263137817,NA,NA,"volta_crypto_wet"
7,405740,2,"P_00036",0.179166666666589,6.10416666666651,3,"P_00037","node","0.179167_6.104167",0,926.625843147215,926.625843147215,NA,NA,NA,NA,NA,NA,NA,NA,FALSE,NA,NA,NA,NA,NA,NA,NA,NA,NA,NA,NA,NA,NA,NA,NA,NA,NA,NA,NA,NA,NA,NA,NA,0,0,0,NA,NA,NA,NA,0.179166666666589,6.10416666666651,"JNCT","coincident_confluence_node",3.23440170288086,NA,NA,"volta_crypto_wet"
8,405741,2,"P_00037",0.179166666666589,6.10416666666651,1,"Source00014","JNCT","0.179167_6.104167",616.265212619406,0,0,NA,NA,NA,NA,NA,NA,NA,NA,FALSE,NA,NA,NA,NA,NA,NA,NA,NA,NA,NA,NA,NA,NA,NA,NA,NA,NA,NA,NA,NA,NA,NA,NA,0,0,0,NA,NA,NA,NA,0.179166666666589,6.10416666666651,"JNCT","fan_in_receiver",3.23440170288086,NA,NA,"volta_crypto_wet"
8,405741,0,"Source00014",0.183102120628066,6.10023127601684,2,"P_00038","agglomeration",NA,688.688528741286,617.108596310545,617.108596310545,NA,124.810605198138,"GH",NA,NA,NA,NA,NA,FALSE,NA,NA,NA,NA,NA,NA,NA,NA,NA,NA,NA,NA,NA,NA,NA,NA,NA,NA,NA,NA,NA,NA,NA,0,0,0,"agglomeration",NA,NA,NA,0.183102120628066,6.10023127601684,"agglomeration",NA,1.46239030361176,NA,NA,"volta_crypto_wet"
8,405741,1,"P_00038",0.187499999999926,6.09583333333318,3,"Source00015","node","0.1875_6.095833",732.686053429541,1306.742188762,1306.742188762,NA,NA,NA,NA,NA,NA,NA,NA,FALSE,NA,NA,NA,NA,NA,NA,NA,NA,NA,NA,NA,NA,NA,NA,NA,NA,NA,NA,NA,NA,NA,NA,NA,0,0,0,NA,NA,NA,NA,0.187499999999926,6.09583333333318,"node",NA,0,NA,NA,"volta_crypto_wet"
8,405741,0,"Source00015",0.194113737083985,6.09583344640322,4,"P_00039","agglomeration",NA,2036.85375982775,2037.99907243107,2037.99907243107,NA,255.480101105873,"GH",NA,NA,NA,NA,NA,FALSE,NA,NA,NA,NA,NA,NA,NA,NA,NA,NA,NA,NA,NA,NA,NA,NA,NA,NA,NA,NA,NA,NA,NA,0,0,0,"agglomeration",NA,NA,NA,0.194113737083985,6.09583344640322,"agglomeration",NA,0,NA,NA,"volta_crypto_wet"
8,405741,128,"P_00039",0.212499999999924,6.09583333333318,5,"Source00016","node","0.2125_6.095833",273.75725086786,4070.90137094248,4070.90137094248,NA,NA,NA,NA,NA,NA,NA,NA,FALSE,NA,NA,NA,NA,NA,NA,NA,NA,NA,NA,NA,NA,NA,NA,NA,NA,NA,NA,NA,NA,NA,NA,NA,0,0,0,NA,NA,NA,NA,0.212499999999924,6.09583333333318,"node",NA,2.19299006462097,NA,NA,"volta_crypto_wet"
8,405741,0,"Source00016",0.214248220681738,6.09758157657577,6,"P_00040","agglomeration",NA,1031.15953556007,4345.0408331737,4345.0408331737,NA,2.78953101718798,"GH",NA,NA,NA,NA,NA,FALSE,NA,NA,NA,NA,NA,NA,NA,NA,NA,NA,NA,NA,NA,NA,NA,NA,NA,NA,NA,NA,NA,NA,NA,0,0,0,"agglomeration",NA,NA,NA,0.214248220681738,6.09758157657577,"agglomeration",NA,0.731314241886139,NA,NA,"volta_crypto_wet"
8,405741,1,"P_00040",0.220833333333257,6.10416666666651,7,"P_00041","node","0.220833_6.104167",0,5377.64355970329,5377.64355970329,NA,NA,NA,NA,NA,NA,NA,NA,FALSE,NA,NA,NA,NA,NA,NA,NA,NA,NA,NA,NA,NA,NA,NA,NA,NA,NA,NA,NA,NA,NA,NA,NA,0,0,0,NA,NA,NA,NA,0.220833333333257,6.10416666666651,"JNCT","coincident_confluence_node",0,NA,NA,"volta_crypto_wet"
9,405742,1,"P_00041",0.220833333333257,6.10416666666651,1,"Source00017","JNCT","0.220833_6.104167",2207.43352093187,0,0,NA,NA,NA,NA,NA,NA,NA,NA,FALSE,NA,NA,NA,NA,NA,NA,NA,NA,NA,NA,NA,NA,NA,NA,NA,NA,NA,NA,NA,NA,NA,NA,NA,0,0,0,NA,NA,NA,NA,0.220833333333257,6.10416666666651,"JNCT","fan_in_receiver",0,NA,NA,"volta_crypto_wet"
9,405742,0,"Source00017",0.24076015585436,6.10416691538963,2,"P_00042","agglomeration",NA,1485.11224448833,2203.20213175109,2203.20213175109,NA,70.3430472907494,"GH",NA,NA,NA,NA,NA,FALSE,NA,NA,NA,NA,NA,NA,NA,NA,NA,NA,NA,NA,NA,NA,NA,NA,NA,NA,NA,NA,NA,NA,NA,0,0,0,"agglomeration",NA,NA,NA,0.24076015585436,6.10416691538963,"agglomeration",NA,0,NA,NA,"volta_crypto_wet"
9,405742,2,"P_00042",0.254166666666592,6.10416666666651,3,"Source00018","node","0.254167_6.104167",801.953671784267,3685.48829018447,3685.48829018447,NA,NA,NA,NA,NA,NA,NA,NA,FALSE,NA,NA,NA,NA,NA,NA,NA,NA,NA,NA,NA,NA,NA,NA,NA,NA,NA,NA,NA,NA,NA,NA,NA,0,0,0,NA,NA,NA,NA,0.254166666666592,6.10416666666651,"node",NA,0,NA,NA,"volta_crypto_wet"
9,405742,0,"Source00018",0.259288235016354,6.09904515810541,4,"P_00043","agglomeration",NA,502.917541822493,4488.59071219829,4488.59071219829,NA,254.442877030335,"GH",NA,NA,NA,NA,NA,FALSE,NA,NA,NA,NA,NA,NA,NA,NA,NA,NA,NA,NA,NA,NA,NA,NA,NA,NA,NA,NA,NA,NA,NA,0,0,0,"agglomeration",NA,NA,NA,0.259288235016354,6.09904515810541,"agglomeration",NA,0.327067881822586,NA,NA,"volta_crypto_wet"
9,405742,1,"P_00043",0.262499999999925,6.09583333333318,5,"Source00019","node","0.2625_6.095833",154.687721879178,4992.23047894599,4992.23047894599,NA,NA,NA,NA,NA,NA,NA,NA,FALSE,NA,NA,NA,NA,NA,NA,NA,NA,NA,NA,NA,NA,NA,NA,NA,NA,NA,NA,NA,NA,NA,NA,NA,0,0,0,NA,NA,NA,NA,0.262499999999925,6.09583333333318,"node",NA,4.18111991882324,NA,NA,"volta_crypto_wet"
9,405742,0,"Source00019",0.263896404687174,6.09583334233926,6,"P_00044","agglomeration",NA,768.440545636049,5146.62587249362,5146.62587249362,NA,138.140832246456,"GH",NA,NA,NA,NA,NA,FALSE,NA,NA,NA,NA,NA,NA,NA,NA,NA,NA,NA,NA,NA,NA,NA,NA,NA,NA,NA,NA,NA,NA,NA,0,0,0,"agglomeration",NA,NA,NA,0.263896404687174,6.09583334233926,"agglomeration",NA,2.31148958206177,NA,NA,"volta_crypto_wet"
9,405742,2,"P_00044",0.270833333333258,6.09583333333318,7,"P_00057","node","0.270833_6.095833",0,5913.61687307943,5913.61687307943,NA,NA,NA,NA,NA,NA,NA,NA,FALSE,NA,NA,NA,NA,NA,NA,NA,NA,NA,NA,NA,NA,NA,NA,NA,NA,NA,NA,NA,NA,NA,NA,NA,0,0,0,NA,NA,NA,NA,0.270833333333258,6.09583333333318,"JNCT","coincident_confluence_node",5.25904893875122,NA,NA,"volta_crypto_wet"
10,405743,4,"P_00045",0.295833333333256,6.24166666666651,1,"P_00046","START","0.295833_6.241667",1383.32162354458,0,0,NA,NA,NA,NA,NA,NA,NA,NA,FALSE,NA,NA,NA,NA,NA,NA,NA,NA,NA,NA,NA,NA,NA,NA,NA,NA,NA,NA,NA,NA,NA,NA,NA,0,0,0,NA,NA,NA,NA,0.295833333333256,6.24166666666651,"START",NA,1.76077890396118,NA,NA,"volta_crypto_wet"
10,405743,8,"P_00046",0.295833333333256,6.22916666666651,2,"Source00020","node","0.295833_6.229167",0,1389.93876471839,1389.93876471839,NA,NA,NA,NA,NA,NA,NA,NA,FALSE,NA,NA,NA,NA,NA,NA,NA,NA,NA,NA,NA,NA,NA,NA,NA,NA,NA,NA,NA,NA,NA,NA,NA,0,0,0,NA,NA,NA,NA,0.295833333333256,6.22916666666651,"node",NA,3.72393560409546,NA,NA,"volta_crypto_wet"
10,405743,0,"Source00020",0.295833333333257,6.22916666666651,3,"Source00021","agglomeration",NA,16.7947053221978,1389.93876471844,1389.93876471844,NA,0.163986183702946,"GH",NA,NA,NA,NA,NA,FALSE,NA,NA,NA,NA,NA,NA,NA,NA,NA,NA,NA,NA,NA,NA,NA,NA,NA,NA,NA,NA,NA,NA,NA,0,0,0,"agglomeration",NA,NA,NA,0.295833333333257,6.22916666666651,"agglomeration",NA,3.72393560409546,NA,NA,"volta_crypto_wet"
10,405743,0,"Source00021",0.29572605986898,6.22905939500375,4,"P_00047","agglomeration",NA,1287.8901201165,1406.75803892917,1406.75803892917,NA,0.45500710606575,"GH",NA,NA,NA,NA,NA,FALSE,NA,NA,NA,NA,NA,NA,NA,NA,NA,NA,NA,NA,NA,NA,NA,NA,NA,NA,NA,NA,NA,NA,NA,0,0,0,"agglomeration",NA,NA,NA,0.29572605986898,6.22905939500375,"agglomeration",NA,3.72393560409546,NA,NA,"volta_crypto_wet"
10,405743,4,"P_00047",0.287499999999924,6.22083333333317,5,"Source00022","node","0.2875_6.220833",3728.09134467855,2696.52794653848,2696.52794653848,NA,NA,NA,NA,NA,NA,NA,NA,FALSE,NA,NA,NA,NA,NA,NA,NA,NA,NA,NA,NA,NA,NA,NA,NA,NA,NA,NA,NA,NA,NA,NA,NA,0,0,0,NA,NA,NA,NA,0.287499999999924,6.22083333333317,"node",NA,2.63507437705994,NA,NA,"volta_crypto_wet"
10,405743,0,"Source00022",0.287500340988353,6.18714567090136,6,"P_00048","agglomeration",NA,2727.44430584545,6442.43097926721,6442.43097926721,NA,3.00409712106921,"GH",NA,NA,NA,NA,NA,FALSE,NA,NA,NA,NA,NA,NA,NA,NA,NA,NA,NA,NA,NA,NA,NA,NA,NA,NA,NA,NA,NA,NA,NA,0,0,0,"agglomeration",NA,NA,NA,0.287500340988353,6.18714567090136,"agglomeration",NA,3.53333234786987,NA,NA,"volta_crypto_wet"
10,405743,8,"P_00048",0.287499999999924,6.16249999999984,7,"Source00023","node","0.2875_6.1625",811.248486687506,9182.9088490072,9182.9088490072,NA,NA,NA,NA,NA,NA,NA,NA,FALSE,NA,NA,NA,NA,NA,NA,NA,NA,NA,NA,NA,NA,NA,NA,NA,NA,NA,NA,NA,NA,NA,NA,NA,0,0,0,NA,NA,NA,NA,0.287499999999924,6.16249999999984,"node",NA,2.31148958206177,NA,NA,"volta_crypto_wet"
10,405743,0,"Source00023",0.282318687315784,6.15731872009332,8,"P_00049","agglomeration",NA,493.525888982708,9995.33769339206,9995.33769339206,NA,0.503300104290247,"GH",NA,NA,NA,NA,NA,FALSE,NA,NA,NA,NA,NA,NA,NA,NA,NA,NA,NA,NA,NA,NA,NA,NA,NA,NA,NA,NA,NA,NA,NA,0,0,0,"agglomeration",NA,NA,NA,0.282318687315784,6.15731872009332,"agglomeration",NA,0.981118381023407,NA,NA,"volta_crypto_wet"
10,405743,4,"P_00049",0.27916666666659,6.15416666666651,9,"Source00024","node","0.279167_6.154167",0,10489.5800170109,10489.5800170109,NA,NA,NA,NA,NA,NA,NA,NA,FALSE,NA,NA,NA,NA,NA,NA,NA,NA,NA,NA,NA,NA,NA,NA,NA,NA,NA,NA,NA,NA,NA,NA,NA,0,0,0,NA,NA,NA,NA,0.27916666666659,6.15416666666651,"node",NA,5.25904941558838,NA,NA,"volta_crypto_wet"
10,405743,0,"Source00024",0.279166666666589,6.15416666666651,10,"P_00050","agglomeration",NA,4611.11963697162,10489.580017011,10489.580017011,NA,0.656527668237686,"GH",NA,NA,NA,NA,NA,FALSE,NA,NA,NA,NA,NA,NA,NA,NA,NA,NA,NA,NA,NA,NA,NA,NA,NA,NA,NA,NA,NA,NA,NA,0,0,0,"agglomeration",NA,NA,NA,0.279166666666589,6.15416666666651,"agglomeration",NA,5.25904941558838,NA,NA,"volta_crypto_wet"
10,405743,8,"P_00050",0.27916666666659,6.11249999999984,11,"P_00051","node","0.279167_6.1125",1304.84324267253,15122.7092327395,15122.7092327395,NA,NA,NA,NA,NA,NA,NA,NA,FALSE,NA,NA,NA,NA,NA,NA,NA,NA,NA,NA,NA,NA,NA,NA,NA,NA,NA,NA,NA,NA,NA,NA,NA,0,0,0,NA,NA,NA,NA,0.27916666666659,6.11249999999984,"node",NA,3.09984374046326,NA,NA,"volta_crypto_wet"
10,405743,4,"P_00051",0.270833333333258,6.10416666666651,12,"Source00025","node","0.270833_6.104167",703.223628907177,16429.441316664,16429.441316664,NA,NA,NA,NA,NA,NA,NA,NA,FALSE,NA,NA,NA,NA,NA,NA,NA,NA,NA,NA,NA,NA,NA,NA,NA,NA,NA,NA,NA,NA,NA,NA,NA,0,0,0,NA,NA,NA,NA,0.270833333333258,6.10416666666651,"node",NA,2.63507461547852,NA,NA,"volta_crypto_wet"
10,405743,0,"Source00025",0.270833338529646,6.09781228504938,13,"P_00052","agglomeration",NA,219.005640679478,17136.0174235011,17136.0174235011,NA,102.984569218941,"GH",NA,NA,NA,NA,NA,FALSE,NA,NA,NA,NA,NA,NA,NA,NA,NA,NA,NA,NA,NA,NA,NA,NA,NA,NA,NA,NA,NA,NA,NA,0,0,0,"agglomeration",NA,NA,NA,0.270833338529646,6.09781228504938,"agglomeration",NA,1.9886988401413,NA,NA,"volta_crypto_wet"
10,405743,2,"P_00052",0.270833333333258,6.09583333333318,14,"P_00057","node","0.270833_6.095833",0,17356.0671598108,17356.0671598108,NA,NA,NA,NA,NA,NA,NA,NA,FALSE,NA,NA,NA,NA,NA,NA,NA,NA,NA,NA,NA,NA,NA,NA,NA,NA,NA,NA,NA,NA,NA,NA,NA,0,0,0,NA,NA,NA,NA,0.270833333333258,6.09583333333318,"JNCT","coincident_confluence_node",5.25904893875122,NA,NA,"volta_crypto_wet"
11,406011,4,"P_00053",0.404166666666591,6.08712942978234,1,"Source00026","START","0.404167_6.087129",375.138859603733,0,0,NA,NA,NA,NA,NA,NA,NA,NA,FALSE,NA,NA,NA,NA,NA,NA,NA,NA,NA,NA,NA,NA,NA,NA,NA,NA,NA,NA,NA,NA,NA,NA,NA,0,0,0,NA,NA,NA,NA,0.404166666666591,6.08712942978234,"START",NA,0.654114425182343,NA,NA,"volta_crypto_wet"
11,406011,0,"Source00026",0.404166672759065,6.08373927995356,2,"P_00054","agglomeration",NA,505.984925276229,376.968053219319,376.968053219319,NA,140.078051650547,"GH",NA,NA,NA,NA,NA,FALSE,NA,NA,NA,NA,NA,NA,NA,NA,NA,NA,NA,NA,NA,NA,NA,NA,NA,NA,NA,NA,NA,NA,NA,0,0,0,"agglomeration",NA,NA,NA,0.404166672759065,6.08373927995356,"agglomeration",NA,2.31148958206177,NA,NA,"volta_crypto_wet"
11,406011,1,"P_00054",0.40416666666659,6.07916666666651,3,"P_00055","node","0.404167_6.079167",0,885.420250318674,885.420250318674,NA,NA,NA,NA,NA,NA,NA,NA,FALSE,NA,NA,NA,NA,NA,NA,NA,NA,NA,NA,NA,NA,NA,NA,NA,NA,NA,NA,NA,NA,NA,NA,NA,0,0,0,NA,NA,NA,NA,0.40416666666659,6.07916666666651,"JNCT","coincident_confluence_node",0,NA,NA,"volta_crypto_wet"
12,406012,1,"P_00055",0.40416666666659,6.07916666666651,1,"Source00027","JNCT","0.404167_6.079167",296.3784392073,0,0,NA,NA,NA,NA,NA,NA,NA,NA,FALSE,NA,NA,NA,NA,NA,NA,NA,NA,NA,NA,NA,NA,NA,NA,NA,NA,NA,NA,NA,NA,NA,NA,NA,0,0,0,NA,NA,NA,NA,0.40416666666659,6.07916666666651,"JNCT","fan_in_receiver",0,NA,NA,"volta_crypto_wet"
12,406012,0,"Source00027",0.40684237415306,6.07916668061815,2,"P_00056","agglomeration",NA,206.203470666986,295.852434756056,295.852434756056,NA,2.95805287314579,"GH",NA,NA,NA,NA,NA,FALSE,NA,NA,NA,NA,NA,NA,NA,NA,NA,NA,NA,NA,NA,NA,NA,NA,NA,NA,NA,NA,NA,NA,NA,0,0,0,"agglomeration",NA,NA,NA,0.40684237415306,6.07916668061815,"agglomeration",NA,0.654114425182343,NA,NA,"volta_crypto_wet"
12,406012,1,"P_00056",0.408703984453172,6.07916668249471,3,"P_00142","node","0.408704_6.079167",0,501.690308524115,501.690308524115,NA,NA,NA,NA,NA,NA,NA,NA,FALSE,NA,NA,NA,NA,NA,NA,NA,NA,NA,NA,NA,NA,NA,NA,NA,NA,NA,NA,NA,NA,NA,NA,NA,0,0,0,NA,NA,NA,NA,0.408703984453172,6.07916668249471,"JNCT","coincident_confluence_node",0.981118381023407,NA,NA,"volta_crypto_wet"
13,406151,2,"P_00057",0.270833333333258,6.09583333333318,1,"Source00028","JNCT","0.270833_6.095833",2051.33695786401,0,0,NA,NA,NA,NA,NA,NA,NA,NA,FALSE,NA,NA,NA,NA,NA,NA,NA,NA,NA,NA,NA,NA,NA,NA,NA,NA,NA,NA,NA,NA,NA,NA,NA,0,0,0,NA,NA,NA,NA,0.270833333333258,6.09583333333318,"JNCT","fan_in_receiver",5.25904893875122,NA,NA,"volta_crypto_wet"
13,406151,0,"Source00028",0.283934003783828,6.08273283207697,2,"P_00058","agglomeration",NA,558.390171655191,2054.31090911811,2054.31090911811,NA,187.666762411129,"GH",NA,NA,NA,NA,NA,FALSE,NA,NA,NA,NA,NA,NA,NA,NA,NA,NA,NA,NA,NA,NA,NA,NA,NA,NA,NA,NA,NA,NA,NA,0,0,0,"agglomeration",NA,NA,NA,0.283934003783828,6.08273283207697,"agglomeration",NA,4.85064363479614,NA,NA,"volta_crypto_wet"
13,406151,4,"P_00058",0.287499999999924,6.07916666666651,3,"Source00029","node","0.2875_6.079167",305.828277691399,2613.51463720231,2613.51463720231,NA,NA,NA,NA,NA,NA,NA,NA,FALSE,NA,NA,NA,NA,NA,NA,NA,NA,NA,NA,NA,NA,NA,NA,NA,NA,NA,NA,NA,NA,NA,NA,NA,0,0,0,NA,NA,NA,NA,0.287499999999924,6.07916666666651,"node",NA,0,NA,NA,"volta_crypto_wet"
13,406151,0,"Source00029",0.287500006321632,6.0764031392157,4,"P_00059","agglomeration",NA,616.387547529295,2920.8053517021,2920.8053517021,NA,24.3678130934713,"GH",NA,NA,NA,NA,NA,FALSE,NA,NA,NA,NA,NA,NA,NA,NA,NA,NA,NA,NA,NA,NA,NA,NA,NA,NA,NA,NA,NA,NA,NA,0,0,0,"agglomeration",NA,NA,NA,0.287500006321632,6.0764031392157,"agglomeration",NA,3.28342795372009,NA,NA,"volta_crypto_wet"
13,406151,2,"P_00059",0.287499999999924,6.07083333333318,5,"P_00066","node","0.2875_6.070833",0,3540.14048034869,3540.14048034869,NA,NA,NA,NA,NA,NA,NA,NA,FALSE,NA,NA,NA,NA,NA,NA,NA,NA,NA,NA,NA,NA,NA,NA,NA,NA,NA,NA,NA,NA,NA,NA,NA,0,0,0,NA,NA,NA,NA,0.287499999999924,6.07083333333318,"JNCT","coincident_confluence_node",1.63491308689117,NA,NA,"volta_crypto_wet"
14,406275,128,"P_00060",0.120833333333259,6.06249999999984,1,"Source00030","JNCT","0.120833_6.0625",470.409623670779,0,0,NA,NA,NA,NA,NA,NA,NA,NA,FALSE,NA,NA,NA,NA,NA,NA,NA,NA,NA,NA,NA,NA,NA,NA,NA,NA,NA,NA,NA,NA,NA,NA,NA,0,0,0,NA,NA,NA,NA,0.120833333333259,6.06249999999984,"JNCT","fan_in_receiver",4.53433179855347,NA,NA,"volta_crypto_wet"
14,406275,0,"Source00030",0.123837060568573,6.06550375792581,2,"P_00061","agglomeration",NA,834.649484006452,471.029749441373,471.029749441373,NA,5.1900197827199,"GH",NA,NA,NA,NA,NA,FALSE,NA,NA,NA,NA,NA,NA,NA,NA,NA,NA,NA,NA,NA,NA,NA,NA,NA,NA,NA,NA,NA,NA,NA,0,0,0,"agglomeration",NA,NA,NA,0.123837060568573,6.06550375792581,"agglomeration",NA,5.09554243087769,NA,NA,"volta_crypto_wet"
14,406275,1,"P_00061",0.129166666666591,6.07083333333318,3,"Source00031","node","0.129167_6.070833",265.231918668053,1306.78247145524,1306.78247145524,NA,NA,NA,NA,NA,NA,NA,NA,FALSE,NA,NA,NA,NA,NA,NA,NA,NA,NA,NA,NA,NA,NA,NA,NA,NA,NA,NA,NA,NA,NA,NA,NA,0,0,0,NA,NA,NA,NA,0.129166666666591,6.07083333333318,"node",NA,0.654114425182343,NA,NA,"volta_crypto_wet"
14,406275,0,"Source00031",0.131560600041372,6.07083334650222,4,"P_00062","agglomeration",NA,658.04368325944,1571.48329711574,1571.48329711574,NA,0.668020078970585,"GH",NA,NA,NA,NA,NA,FALSE,NA,NA,NA,NA,NA,NA,NA,NA,NA,NA,NA,NA,NA,NA,NA,NA,NA,NA,NA,NA,NA,NA,NA,0,0,0,"agglomeration",NA,NA,NA,0.131560600041372,6.07083334650222,"agglomeration",NA,1.66727292537689,NA,NA,"volta_crypto_wet"
14,406275,128,"P_00062",0.137499999999925,6.07083333333318,5,"P_00063","node","0.1375_6.070833",2610.04127718343,2228.21171299066,2228.21171299066,NA,NA,NA,NA,NA,NA,NA,NA,FALSE,NA,NA,NA,NA,NA,NA,NA,NA,NA,NA,NA,NA,NA,NA,NA,NA,NA,NA,NA,NA,NA,NA,NA,0,0,0,NA,NA,NA,NA,0.137499999999925,6.07083333333318,"node",NA,0.981118381023407,NA,NA,"volta_crypto_wet"
14,406275,1,"P_00063",0.15416666666659,6.08749999999984,6,"Source00032","node","0.154167_6.0875",0,4841.74649153,4841.74649153,NA,NA,NA,NA,NA,NA,NA,NA,FALSE,NA,NA,NA,NA,NA,NA,NA,NA,NA,NA,NA,NA,NA,NA,NA,NA,NA,NA,NA,NA,NA,NA,NA,0,0,0,NA,NA,NA,NA,0.15416666666659,6.08749999999984,"node",NA,1.17910623550415,NA,NA,"volta_crypto_wet"
14,406275,0,"Source00032",0.15416666666659,6.08749999999985,7,"Source00033","agglomeration",NA,73.9799356880225,4841.74649153,4841.74649153,NA,3.49996981304139,"GH",NA,NA,NA,NA,NA,FALSE,NA,NA,NA,NA,NA,NA,NA,NA,NA,NA,NA,NA,NA,NA,NA,NA,NA,NA,NA,NA,NA,NA,NA,0,0,0,"agglomeration",NA,NA,NA,0.15416666666659,6.08749999999985,"agglomeration",NA,1.17910623550415,NA,NA,"volta_crypto_wet"
14,406275,0,"Source00033",0.154834430218841,6.08750000992103,8,"P_00064","agglomeration",NA,1772.46769337784,4915.57982776248,4915.57982776248,NA,0.511141521623358,"GH",NA,NA,NA,NA,NA,FALSE,NA,NA,NA,NA,NA,NA,NA,NA,NA,NA,NA,NA,NA,NA,NA,NA,NA,NA,NA,NA,NA,NA,NA,0,0,0,"agglomeration",NA,NA,NA,0.154834430218841,6.08750000992103,"agglomeration",NA,3.65181660652161,NA,NA,"volta_crypto_wet"
14,406275,128,"P_00064",0.170833333333257,6.08749999999984,9,"Source00034","node","0.170833_6.0875",743.79244569598,6684.54788365957,6684.54788365957,NA,NA,NA,NA,NA,NA,NA,NA,FALSE,NA,NA,NA,NA,NA,NA,NA,NA,NA,NA,NA,NA,NA,NA,NA,NA,NA,NA,NA,NA,NA,NA,NA,0,0,0,NA,NA,NA,NA,0.170833333333257,6.08749999999984,"node",NA,2.35721468925476,NA,NA,"volta_crypto_wet"
14,406275,0,"Source00034",0.175583032582264,6.09224973234001,10,"P_00065","agglomeration",NA,561.180529507478,7429.35336748314,7429.35336748314,NA,7.44777514133602,"GH",NA,NA,NA,NA,NA,FALSE,NA,NA,NA,NA,NA,NA,NA,NA,NA,NA,NA,NA,NA,NA,NA,NA,NA,NA,NA,NA,NA,NA,NA,0,0,0,"agglomeration",NA,NA,NA,0.175583032582264,6.09224973234001,"agglomeration",NA,2.55281853675842,NA,NA,"volta_crypto_wet"
14,406275,64,"P_00065",0.17916666666659,6.09583333333318,11,"P_00035","node","0.179167_6.095833",0,7991.30016359191,7991.30016359191,NA,NA,NA,NA,NA,NA,NA,NA,FALSE,NA,NA,NA,NA,NA,NA,NA,NA,NA,NA,NA,NA,NA,NA,NA,NA,NA,NA,NA,NA,NA,NA,NA,0,0,0,NA,NA,NA,NA,0.17916666666659,6.09583333333318,"JNCT","coincident_confluence_node",2.09334683418274,NA,NA,"volta_crypto_wet"
15,406276,2,"P_00066",0.287499999999924,6.07083333333318,1,"Source00035","JNCT","0.2875_6.070833",367.404081917148,0,0,NA,NA,NA,NA,NA,NA,NA,NA,FALSE,NA,NA,NA,NA,NA,NA,NA,NA,NA,NA,NA,NA,NA,NA,NA,NA,NA,NA,NA,NA,NA,NA,NA,0,0,0,NA,NA,NA,NA,0.287499999999924,6.07083333333318,"JNCT","fan_in_receiver",1.63491308689117,NA,NA,"volta_crypto_wet"
15,406276,0,"Source00035",0.289846381731872,6.06848700231206,2,"P_00067","agglomeration",NA,937.470773653573,367.940247919119,367.940247919119,NA,24.1028611660004,"GH",NA,NA,NA,NA,NA,FALSE,NA,NA,NA,NA,NA,NA,NA,NA,NA,NA,NA,NA,NA,NA,NA,NA,NA,NA,NA,NA,NA,NA,NA,0,0,0,"agglomeration",NA,NA,NA,0.289846381731872,6.06848700231206,"agglomeration",NA,0,NA,NA,"volta_crypto_wet"
15,406276,1,"P_00067",0.295833333333256,6.06249999999984,3,"Source00036","node","0.295833_6.0625",864.787823811799,1306.78247145503,1306.78247145503,NA,NA,NA,NA,NA,NA,NA,NA,FALSE,NA,NA,NA,NA,NA,NA,NA,NA,NA,NA,NA,NA,NA,NA,NA,NA,NA,NA,NA,NA,NA,NA,NA,0,0,0,NA,NA,NA,NA,0.295833333333256,6.06249999999984,"node",NA,0,NA,NA,"volta_crypto_wet"
15,406276,0,"Source00036",0.303639742636694,6.06250006395605,4,"P_00068","agglomeration",NA,981.525583480589,2169.96227071987,2169.96227071987,NA,1361.06607498601,"GH",NA,NA,NA,NA,NA,FALSE,NA,NA,NA,NA,NA,NA,NA,NA,NA,NA,NA,NA,NA,NA,NA,NA,NA,NA,NA,NA,NA,NA,NA,0,0,0,"agglomeration",NA,NA,NA,0.303639742636694,6.06250006395605,"agglomeration",NA,1.34830093383789,NA,NA,"volta_crypto_wet"
15,406276,1,"P_00068",0.312499999999922,6.06249999999984,5,"P_00080","node","0.3125_6.0625",0,3149.66944143915,3149.66944143915,NA,NA,NA,NA,NA,NA,NA,NA,FALSE,NA,NA,NA,NA,NA,NA,NA,NA,NA,NA,NA,NA,NA,NA,NA,NA,NA,NA,NA,NA,NA,NA,NA,0,0,0,NA,NA,NA,NA,0.312499999999922,6.06249999999984,"JNCT","coincident_confluence_node",3.08260774612427,NA,NA,"volta_crypto_wet"
16,406277,4,"P_00069",0.320833333333258,6.12499999999984,1,"Source00037","START","0.320833_6.125",560.153693999231,0,0,NA,NA,NA,NA,NA,NA,NA,NA,FALSE,NA,NA,NA,NA,NA,NA,NA,NA,NA,NA,NA,NA,NA,NA,NA,NA,NA,NA,NA,NA,NA,NA,NA,0,0,0,NA,NA,NA,NA,0.320833333333258,6.12499999999984,"START",NA,2.06768321990967,NA,NA,"volta_crypto_wet"
16,406277,0,"Source00037",0.320833348606304,6.11993820502167,2,"P_00070","agglomeration",NA,823.134318364843,562.846804740332,562.846804740332,NA,10.6259801036213,"GH",NA,NA,NA,NA,NA,FALSE,NA,NA,NA,NA,NA,NA,NA,NA,NA,NA,NA,NA,NA,NA,NA,NA,NA,NA,NA,NA,NA,NA,NA,0,0,0,"agglomeration",NA,NA,NA,0.320833348606304,6.11993820502167,"agglomeration",NA,1.66727292537689,NA,NA,"volta_crypto_wet"
16,406277,8,"P_00070",0.320833333333258,6.11249999999984,3,"Source00038","node","0.320833_6.1125",103.063992273399,1389.93876472336,1389.93876472336,NA,NA,NA,NA,NA,NA,NA,NA,FALSE,NA,NA,NA,NA,NA,NA,NA,NA,NA,NA,NA,NA,NA,NA,NA,NA,NA,NA,NA,NA,NA,NA,NA,0,0,0,NA,NA,NA,NA,0.320833333333258,6.11249999999984,"node",NA,3.47255873680115,NA,NA,"volta_crypto_wet"
16,406277,0,"Source00038",0.320175087039272,6.11184176378529,4,"P_00071","agglomeration",NA,1201.73464531406,1493.15578825327,1493.15578825327,NA,8.50364857469685,"GH",NA,NA,NA,NA,NA,FALSE,NA,NA,NA,NA,NA,NA,NA,NA,NA,NA,NA,NA,NA,NA,NA,NA,NA,NA,NA,NA,NA,NA,NA,0,0,0,"agglomeration",NA,NA,NA,0.320175087039272,6.11184176378529,"agglomeration",NA,2.31148958206177,NA,NA,"volta_crypto_wet"
16,406277,4,"P_00071",0.312499999999921,6.10416666666651,5,"Source00039","node","0.3125_6.104167",1704.1838416619,2696.67084864856,2696.67084864856,NA,NA,NA,NA,NA,NA,NA,NA,FALSE,NA,NA,NA,NA,NA,NA,NA,NA,NA,NA,NA,NA,NA,NA,NA,NA,NA,NA,NA,NA,NA,NA,NA,0,0,0,NA,NA,NA,NA,0.312499999999921,6.10416666666651,"node",NA,1.03417837619781,NA,NA,"volta_crypto_wet"
16,406277,0,"Source00039",0.312500164599009,6.08876700371602,6,"P_00072","agglomeration",NA,2906.80210438921,4409.03792862376,4409.03792862376,NA,9.50178578717168,"GH",NA,NA,NA,NA,NA,FALSE,NA,NA,NA,NA,NA,NA,NA,NA,NA,NA,NA,NA,NA,NA,NA,NA,NA,NA,NA,NA,NA,NA,NA,0,0,0,"agglomeration",NA,NA,NA,0.312500164599009,6.08876700371602,"agglomeration",NA,6.00877285003662,NA,NA,"volta_crypto_wet"
16,406277,1,"P_00072",0.312499999999922,6.06249999999984,7,"P_00080","node","0.3125_6.0625",0,7329.80006453041,7329.80006453041,NA,NA,NA,NA,NA,NA,NA,NA,FALSE,NA,NA,NA,NA,NA,NA,NA,NA,NA,NA,NA,NA,NA,NA,NA,NA,NA,NA,NA,NA,NA,NA,NA,0,0,0,NA,NA,NA,NA,0.312499999999922,6.06249999999984,"JNCT","coincident_confluence_node",3.08260774612427,NA,NA,"volta_crypto_wet"
17,406412,128,"P_00073",0.387499999999924,6.05416666666651,1,"Source00040","JNCT","0.3875_6.054167",1137.30761528584,0,0,NA,NA,NA,NA,NA,NA,NA,NA,FALSE,NA,NA,NA,NA,NA,NA,NA,NA,NA,NA,NA,NA,NA,NA,NA,NA,NA,NA,NA,NA,NA,NA,NA,0,0,0,NA,NA,NA,NA,0.387499999999924,6.05416666666651,"JNCT","fan_in_receiver",1.46239030361176,NA,NA,"volta_crypto_wet"
17,406412,0,"Source00040",0.394763713903681,6.06143039606621,2,"P_00074","agglomeration",NA,167.471851786618,1139.06181208356,1139.06181208356,NA,125.877239596099,"GH",NA,NA,NA,NA,NA,FALSE,NA,NA,NA,NA,NA,NA,NA,NA,NA,NA,NA,NA,NA,NA,NA,NA,NA,NA,NA,NA,NA,NA,NA,0,0,0,"agglomeration",NA,NA,NA,0.394763713903681,6.06143039606621,"agglomeration",NA,0,NA,NA,"volta_crypto_wet"
17,406412,64,"P_00074",0.395833333333258,6.06249999999984,3,"Source00041","node","0.395833_6.0625",183.297759457513,1306.7925079636,1306.7925079636,NA,NA,NA,NA,NA,NA,NA,NA,FALSE,NA,NA,NA,NA,NA,NA,NA,NA,NA,NA,NA,NA,NA,NA,NA,NA,NA,NA,NA,NA,NA,NA,NA,0,0,0,NA,NA,NA,NA,0.395833333333258,6.06249999999984,"node",NA,0,NA,NA,"volta_crypto_wet"
17,406412,0,"Source00041",0.395833337693964,6.06415646192255,4,"P_00075","agglomeration",NA,738.83722964386,1490.98295905575,1490.98295905575,NA,135.786054626107,"GH",NA,NA,NA,NA,NA,FALSE,NA,NA,NA,NA,NA,NA,NA,NA,NA,NA,NA,NA,NA,NA,NA,NA,NA,NA,NA,NA,NA,NA,NA,0,0,0,"agglomeration",NA,NA,NA,0.395833337693964,6.06415646192255,"agglomeration",NA,0,NA,NA,"volta_crypto_wet"
17,406412,128,"P_00075",0.395833333333257,6.07083333333318,5,"Source00042","node","0.395833_6.070833",604.217908502334,2233.41835111009,2233.41835111009,NA,NA,NA,NA,NA,NA,NA,NA,FALSE,NA,NA,NA,NA,NA,NA,NA,NA,NA,NA,NA,NA,NA,NA,NA,NA,NA,NA,NA,NA,NA,NA,NA,0,0,0,NA,NA,NA,NA,0.395833333333257,6.07083333333318,"node",NA,0,NA,NA,"volta_crypto_wet"
17,406412,0,"Source00042",0.399692389229006,6.07469242382777,6,"P_00076","agglomeration",NA,700.533227481832,2838.57126741891,2838.57126741891,NA,3.43799179047346,"GH",NA,NA,NA,NA,NA,FALSE,NA,NA,NA,NA,NA,NA,NA,NA,NA,NA,NA,NA,NA,NA,NA,NA,NA,NA,NA,NA,NA,NA,NA,0,0,0,"agglomeration",NA,NA,NA,0.399692389229006,6.07469242382777,"agglomeration",NA,1.17910623550415,NA,NA,"volta_crypto_wet"
17,406412,1,"P_00076",0.40416666666659,6.07916666666651,7,"P_00055","node","0.404167_6.079167",0,3540.19077238948,3540.19077238948,NA,NA,NA,NA,NA,NA,NA,NA,FALSE,NA,NA,NA,NA,NA,NA,NA,NA,NA,NA,NA,NA,NA,NA,NA,NA,NA,NA,NA,NA,NA,NA,NA,0,0,0,NA,NA,NA,NA,0.40416666666659,6.07916666666651,"JNCT","coincident_confluence_node",0,NA,NA,"volta_crypto_wet"
18,406557,64,"P_00077",0.129166666666592,6.04166666666651,1,"P_00078","START","0.129167_6.041667",1383.50808991957,44637.0139331657,44637.0139331657,NA,NA,NA,NA,NA,NA,NA,NA,FALSE,NA,NA,NA,NA,NA,NA,NA,NA,NA,NA,NA,NA,NA,NA,NA,NA,NA,NA,NA,NA,NA,NA,NA,0,0,0,NA,NA,NA,NA,0.129166666666592,6.04166666666651,"START",NA,1.66727292537689,NA,NA,"volta_crypto_wet"
18,406557,32,"P_00078",0.129166666666592,6.05416666666651,2,"P_00079","node","0.129167_6.054167",1305.06898196876,43253.5058432461,43253.5058432461,NA,NA,NA,NA,NA,NA,NA,NA,FALSE,NA,NA,NA,NA,NA,NA,NA,NA,NA,NA,NA,NA,NA,NA,NA,NA,NA,NA,NA,NA,NA,NA,NA,0,0,0,NA,NA,NA,NA,0.129166666666592,6.05416666666651,"node",NA,2.79228663444519,NA,NA,"volta_crypto_wet"
18,406557,128,"P_00079",0.120833333333259,6.06249999999984,3,"P_00060","node","0.120833_6.0625",0,41948.4368612774,41948.4368612774,NA,NA,NA,NA,NA,NA,NA,NA,FALSE,NA,NA,NA,NA,NA,NA,NA,NA,NA,NA,NA,NA,NA,NA,NA,NA,NA,NA,NA,NA,NA,NA,NA,0,0,0,NA,NA,NA,NA,0.120833333333259,6.06249999999984,"JNCT","coincident_confluence_node",4.53433179855347,NA,NA,"volta_crypto_wet"
19,406558,1,"P_00080",0.312499999999922,6.06249999999984,1,"Source00043","JNCT","0.3125_6.0625",553.802096629822,0,0,NA,NA,NA,NA,NA,NA,NA,NA,FALSE,NA,NA,NA,NA,NA,NA,NA,NA,NA,NA,NA,NA,NA,NA,NA,NA,NA,NA,NA,NA,NA,NA,NA,0,0,0,NA,NA,NA,NA,0.312499999999922,6.06249999999984,"JNCT","fan_in_receiver",3.08260774612427,NA,NA,"volta_crypto_wet"
19,406558,0,"Source00043",0.317499214416887,6.06250001541183,2,"P_00081","agglomeration",NA,369.345186775206,552.779226565455,552.779226565455,NA,59.1854526359821,"GH",NA,NA,NA,NA,NA,FALSE,NA,NA,NA,NA,NA,NA,NA,NA,NA,NA,NA,NA,NA,NA,NA,NA,NA,NA,NA,NA,NA,NA,NA,0,0,0,"agglomeration",NA,NA,NA,0.317499214416887,6.06250001541183,"agglomeration",NA,1.66727292537689,NA,NA,"volta_crypto_wet"
19,406558,2,"P_00081",0.320833333333258,6.06249999999984,3,"Source00044","node","0.320833_6.0625",136.809731017047,921.443485019567,921.443485019567,NA,NA,NA,NA,NA,NA,NA,NA,FALSE,NA,NA,NA,NA,NA,NA,NA,NA,NA,NA,NA,NA,NA,NA,NA,NA,NA,NA,NA,NA,NA,NA,NA,0,0,0,NA,NA,NA,NA,0.320833333333258,6.06249999999984,"node",NA,1.17910623550415,NA,NA,"volta_crypto_wet"
19,406558,0,"Source00044",0.321707071673908,6.06162628509845,4,"P_00082","agglomeration",NA,1168.03946500898,1058.45653226336,1058.45653226336,NA,4.11409176606685,"GH",NA,NA,NA,NA,NA,FALSE,NA,NA,NA,NA,NA,NA,NA,NA,NA,NA,NA,NA,NA,NA,NA,NA,NA,NA,NA,NA,NA,NA,NA,0,0,0,"agglomeration",NA,NA,NA,0.321707071673908,6.06162628509845,"agglomeration",NA,1.17910623550415,NA,NA,"volta_crypto_wet"
19,406558,1,"P_00082",0.329166666666592,6.05416666666651,5,"Source00045","node","0.329167_6.054167",1288.01723563037,2228.23599298314,2228.23599298314,NA,NA,NA,NA,NA,NA,NA,NA,FALSE,NA,NA,NA,NA,NA,NA,NA,NA,NA,NA,NA,NA,NA,NA,NA,NA,NA,NA,NA,NA,NA,NA,NA,0,0,0,NA,NA,NA,NA,0.329166666666592,6.05416666666651,"node",NA,0,NA,NA,"volta_crypto_wet"
19,406558,0,"Source00045",0.340793707882343,6.05416672077182,6,"P_00083","agglomeration",NA,558.274511661152,3513.89520426995,3513.89520426995,NA,176.29440059216,"GH",NA,NA,NA,NA,NA,FALSE,NA,NA,NA,NA,NA,NA,NA,NA,NA,NA,NA,NA,NA,NA,NA,NA,NA,NA,NA,NA,NA,NA,NA,0,0,0,"agglomeration",NA,NA,NA,0.340793707882343,6.05416672077182,"agglomeration",NA,2.95912384986877,NA,NA,"volta_crypto_wet"
19,406558,2,"P_00083",0.345833333333256,6.05416666666651,7,"Source00046","node","0.345833_6.054167",912.776704913118,4071.15141095051,4071.15141095051,NA,NA,NA,NA,NA,NA,NA,NA,FALSE,NA,NA,NA,NA,NA,NA,NA,NA,NA,NA,NA,NA,NA,NA,NA,NA,NA,NA,NA,NA,NA,NA,NA,0,0,0,NA,NA,NA,NA,0.345833333333256,6.05416666666651,"node",NA,1.34830093383789,NA,NA,"volta_crypto_wet"
19,406558,0,"Source00046",0.351662822156469,6.04833723014921,8,"P_00084","agglomeration",NA,392.055987198392,4985.3051240161,4985.3051240161,NA,17.8564831997792,"GH",NA,NA,NA,NA,NA,FALSE,NA,NA,NA,NA,NA,NA,NA,NA,NA,NA,NA,NA,NA,NA,NA,NA,NA,NA,NA,NA,NA,NA,NA,0,0,0,"agglomeration",NA,NA,NA,0.351662822156469,6.04833723014921,"agglomeration",NA,0,NA,NA,"volta_crypto_wet"
19,406558,1,"P_00084",0.35416666666659,6.04583333333317,9,"Source00047","node","0.354167_6.045833",1670.32791118685,5377.95394175814,5377.95394175814,NA,NA,NA,NA,NA,NA,NA,NA,FALSE,NA,NA,NA,NA,NA,NA,NA,NA,NA,NA,NA,NA,NA,NA,NA,NA,NA,NA,NA,NA,NA,NA,NA,0,0,0,NA,NA,NA,NA,0.35416666666659,6.04583333333317,"node",NA,0,NA,NA,"volta_crypto_wet"
19,406558,0,"Source00047",0.369244951737804,6.04583347127672,10,"P_00085","agglomeration",NA,1099.08731735663,7045.25988522171,7045.25988522171,NA,637.998578981729,"GH",NA,NA,NA,NA,NA,FALSE,NA,NA,NA,NA,NA,NA,NA,NA,NA,NA,NA,NA,NA,NA,NA,NA,NA,NA,NA,NA,NA,NA,NA,0,0,0,"agglomeration",NA,NA,NA,0.369244951737804,6.04583347127672,"agglomeration",NA,4.09122562408447,NA,NA,"volta_crypto_wet"
19,406558,128,"P_00085",0.379166666666589,6.04583333333317,11,"Source00048","node","0.379167_6.045833",942.873117601225,8142.36968207207,8142.36968207207,NA,NA,NA,NA,NA,NA,NA,NA,FALSE,NA,NA,NA,NA,NA,NA,NA,NA,NA,NA,NA,NA,NA,NA,NA,NA,NA,NA,NA,NA,NA,NA,NA,0,0,0,NA,NA,NA,NA,0.379166666666589,6.04583333333317,"node",NA,0.731314241886139,NA,NA,"volta_crypto_wet"
19,406558,0,"Source00048",0.385188474561754,6.05185516889796,12,"P_00086","agglomeration",NA,361.924819108688,9086.69052331742,9086.69052331742,NA,59.8456482831389,"GH",NA,NA,NA,NA,NA,FALSE,NA,NA,NA,NA,NA,NA,NA,NA,NA,NA,NA,NA,NA,NA,NA,NA,NA,NA,NA,NA,NA,NA,NA,0,0,0,"agglomeration",NA,NA,NA,0.385188474561754,6.05185516889796,"agglomeration",NA,1.17910623550415,NA,NA,"volta_crypto_wet"
19,406558,128,"P_00086",0.387499999999924,6.05416666666651,13,"P_00073","node","0.3875_6.054167",0,9449.1722128795,9449.1722128795,NA,NA,NA,NA,NA,NA,NA,NA,FALSE,NA,NA,NA,NA,NA,NA,NA,NA,NA,NA,NA,NA,NA,NA,NA,NA,NA,NA,NA,NA,NA,NA,NA,0,0,0,NA,NA,NA,NA,0.387499999999924,6.05416666666651,"JNCT","coincident_confluence_node",1.46239030361176,NA,NA,"volta_crypto_wet"
20,406689,64,"P_00087",0.170833333333257,6.03333333333318,1,"Source00049","START","0.170833_6.033333",856.130811542839,0,0,NA,NA,NA,NA,NA,NA,NA,NA,FALSE,NA,NA,NA,NA,NA,NA,NA,NA,NA,NA,NA,NA,NA,NA,NA,NA,NA,NA,NA,NA,NA,NA,NA,0,0,0,NA,NA,NA,NA,0.170833333333257,6.03333333333318,"START",NA,3.26716828346252,NA,NA,"volta_crypto_wet"
20,406689,0,"Source00049",0.170833376737403,6.04106875938559,2,"P_00088","agglomeration",NA,1449.63259581957,860.14148256248,860.14148256248,NA,6.58631206575228,"GH",NA,NA,NA,NA,NA,FALSE,NA,NA,NA,NA,NA,NA,NA,NA,NA,NA,NA,NA,NA,NA,NA,NA,NA,NA,NA,NA,NA,NA,NA,0,0,0,"agglomeration",NA,NA,NA,0.170833376737403,6.04106875938559,"agglomeration",NA,1.30805838108063,NA,NA,"volta_crypto_wet"
20,406689,128,"P_00088",0.170833333333256,6.05416666666651,3,"Source00050","node","0.170833_6.054167",973.056660700501,2316.56460788576,2316.56460788576,NA,NA,NA,NA,NA,NA,NA,NA,FALSE,NA,NA,NA,NA,NA,NA,NA,NA,NA,NA,NA,NA,NA,NA,NA,NA,NA,NA,NA,NA,NA,NA,NA,0,0,0,NA,NA,NA,NA,0.170833333333256,6.05416666666651,"node",NA,1.90643382072449,NA,NA,"volta_crypto_wet"
20,406689,0,"Source00050",0.177046893358497,6.0603802521007,4,"P_00089","agglomeration",NA,331.955883974278,3290.94760520352,3290.94760520352,NA,0.0522945830161916,"GH",NA,NA,NA,NA,NA,FALSE,NA,NA,NA,NA,NA,NA,NA,NA,NA,NA,NA,NA,NA,NA,NA,NA,NA,NA,NA,NA,NA,NA,NA,0,0,0,"agglomeration",NA,NA,NA,0.177046893358497,6.0603802521007,"agglomeration",NA,3.01266980171204,NA,NA,"volta_crypto_wet"
20,406689,64,"P_00089",0.179166666666588,6.06249999999984,5,"Source00051","node","0.179167_6.0625",2131.22421860964,3623.35711585004,3623.35711585004,NA,NA,NA,NA,NA,NA,NA,NA,FALSE,NA,NA,NA,NA,NA,NA,NA,NA,NA,NA,NA,NA,NA,NA,NA,NA,NA,NA,NA,NA,NA,NA,NA,0,0,0,NA,NA,NA,NA,0.179166666666588,6.06249999999984,"node",NA,1.34830093383789,NA,NA,"volta_crypto_wet"
20,406689,0,"Source00051",0.179166782450408,6.08175643410223,6,"P_00090","agglomeration",NA,1557.97509571708,5764.57825422058,5764.57825422058,NA,13.1059191178784,"GH",NA,NA,NA,NA,NA,FALSE,NA,NA,NA,NA,NA,NA,NA,NA,NA,NA,NA,NA,NA,NA,NA,NA,NA,NA,NA,NA,NA,NA,NA,0,0,0,"agglomeration",NA,NA,NA,0.179166782450408,6.08175643410223,"agglomeration",NA,1.30805838108063,NA,NA,"volta_crypto_wet"
20,406689,64,"P_00090",0.17916666666659,6.09583333333318,7,"P_00035","node","0.179167_6.095833",0,7329.86048852333,7329.86048852333,NA,NA,NA,NA,NA,NA,NA,NA,FALSE,NA,NA,NA,NA,NA,NA,NA,NA,NA,NA,NA,NA,NA,NA,NA,NA,NA,NA,NA,NA,NA,NA,NA,0,0,0,NA,NA,NA,NA,0.17916666666659,6.09583333333318,"JNCT","coincident_confluence_node",2.09334683418274,NA,NA,"volta_crypto_wet"
21,406690,1,"P_00091",0.258333333333259,6.03749999999984,1,"Source00052","START","0.258333_6.0375",332.553929240565,0,0,NA,NA,NA,NA,NA,NA,NA,NA,FALSE,NA,NA,NA,NA,NA,NA,NA,NA,NA,NA,NA,NA,NA,NA,NA,NA,NA,NA,NA,NA,NA,NA,NA,0,0,0,NA,NA,NA,NA,0.258333333333259,6.03749999999984,"START",NA,0.654114425182343,NA,NA,"volta_crypto_wet"
21,406690,0,"Source00052",0.261335048877257,6.03750002625782,2,"P_00092","agglomeration",NA,1052.29005723272,331.924697467079,331.924697467079,NA,0.861239550635219,"GH",NA,NA,NA,NA,NA,FALSE,NA,NA,NA,NA,NA,NA,NA,NA,NA,NA,NA,NA,NA,NA,NA,NA,NA,NA,NA,NA,NA,NA,NA,0,0,0,"agglomeration",NA,NA,NA,0.261335048877257,6.03750002625782,"agglomeration",NA,0.731314241886139,NA,NA,"volta_crypto_wet"
21,406690,64,"P_00092",0.270833333333258,6.03749999999984,3,"P_00093","node","0.270833_6.0375",0,1382.2291477578,1382.2291477578,NA,NA,NA,NA,NA,NA,NA,NA,FALSE,NA,NA,NA,NA,NA,NA,NA,NA,NA,NA,NA,NA,NA,NA,NA,NA,NA,NA,NA,NA,NA,NA,NA,0,0,0,NA,NA,NA,NA,0.270833333333258,6.03749999999984,"JNCT","coincident_confluence_node",1.34830093383789,NA,NA,"volta_crypto_wet"
22,406691,64,"P_00093",0.270833333333258,6.03749999999984,1,"Source00053","JNCT","0.270833_6.0375",961.376761479986,0,0,NA,NA,NA,NA,NA,NA,NA,NA,FALSE,NA,NA,NA,NA,NA,NA,NA,NA,NA,NA,NA,NA,NA,NA,NA,NA,NA,NA,NA,NA,NA,NA,NA,0,0,0,NA,NA,NA,NA,0.270833333333258,6.03749999999984,"JNCT","fan_in_receiver",1.34830093383789,NA,NA,"volta_crypto_wet"
22,406691,0,"Source00053",0.27083336197822,6.0461870895161,2,"LakeIn_180414","agglomeration",NA,576.941240985158,965.961797703903,965.961797703903,NA,46.8827800189611,"GH",NA,NA,NA,NA,NA,FALSE,NA,NA,NA,NA,NA,NA,NA,NA,NA,NA,NA,NA,NA,NA,NA,NA,NA,NA,NA,NA,NA,NA,NA,0,0,0,"agglomeration",NA,NA,NA,0.27083336197822,6.0461870895161,"agglomeration",NA,3.26716828346252,NA,NA,"volta_crypto_wet"
22,406691,0,"Source00054",0.28033143546505,6.06366490239378,4,"LakeIn_1405722","agglomeration",NA,53.1389223118606,3342.70726534837,3342.70726534837,NA,87.7292002063477,"GH",NA,NA,NA,NA,NA,FALSE,NA,NA,NA,NA,NA,NA,NA,NA,NA,NA,NA,NA,NA,NA,NA,NA,NA,NA,NA,NA,NA,NA,NA,1405722,0,0,"agglomeration",NA,NA,NA,0.28033143546505,6.06366490239378,"agglomeration",NA,0.327067881822586,NA,NA,"volta_crypto_wet"
22,406691,0,"Source00074",0.280398512304257,6.06373197891871,5,"LakeIn_1405722","agglomeration_lake",NA,63.6422494942179,3353.22584988665,3353.22584988665,NA,0.207951068878174,"GH",NA,NA,NA,NA,NA,FALSE,NA,NA,NA,NA,NA,NA,NA,NA,NA,NA,NA,NA,NA,NA,NA,NA,NA,NA,NA,NA,NA,NA,NA,1405722,0,0,"agglomeration_lake",NA,NA,NA,0.280398512304257,6.06373197891871,"agglomeration_lake",NA,0.327067881822586,NA,NA,"volta_crypto_wet"
22,406691,2,"P_00095",0.287499999999924,6.07083333333318,6,"P_00066","node","0.2875_6.070833",0,4466.82666555946,4466.82666555946,NA,NA,NA,NA,NA,NA,NA,NA,FALSE,NA,NA,NA,NA,NA,NA,NA,NA,NA,NA,NA,NA,NA,NA,NA,NA,NA,NA,NA,NA,NA,NA,NA,0,0,0,NA,NA,NA,NA,0.287499999999924,6.07083333333318,"JNCT","coincident_confluence_node",1.63491308689117,NA,NA,"volta_crypto_wet"
23,406832,64,"P_00096",0.0958333333332569,6.02499999999984,1,"P_00097","START","0.095833_6.025",3228.27898614195,49091.979921361,49091.979921361,NA,NA,NA,NA,NA,NA,NA,NA,FALSE,NA,NA,NA,NA,NA,NA,NA,NA,NA,NA,NA,NA,NA,NA,NA,NA,NA,NA,NA,NA,NA,NA,NA,0,0,0,NA,NA,NA,NA,0.0958333333332569,6.02499999999984,"START",NA,4.615478515625,NA,NA,"volta_crypto_wet"
23,406832,128,"P_00097",0.0958333333332565,6.05416666666651,2,"P_00098","node","0.095833_6.054167",1305.09757360734,45863.7009352191,45863.7009352191,NA,NA,NA,NA,NA,NA,NA,NA,FALSE,NA,NA,NA,NA,NA,NA,NA,NA,NA,NA,NA,NA,NA,NA,NA,NA,NA,NA,NA,NA,NA,NA,NA,0,0,0,NA,NA,NA,NA,0.0958333333332565,6.05416666666651,"node",NA,4.35526895523071,NA,NA,"volta_crypto_wet"
23,406832,2,"P_00098",0.104166666666589,6.06249999999985,3,"P_00099","node","0.104167_6.0625",1305.08801537456,44558.6033616117,44558.6033616117,NA,NA,NA,NA,NA,NA,NA,NA,FALSE,NA,NA,NA,NA,NA,NA,NA,NA,NA,NA,NA,NA,NA,NA,NA,NA,NA,NA,NA,NA,NA,NA,NA,0,0,0,NA,NA,NA,NA,0.104166666666589,6.06249999999985,"node",NA,1.17910623550415,NA,NA,"volta_crypto_wet"
23,406832,128,"P_00099",0.112499999999923,6.05416666666651,4,"P_00100","node","0.1125_6.054167",1305.07848495979,43253.5153462372,43253.5153462372,NA,NA,NA,NA,NA,NA,NA,NA,FALSE,NA,NA,NA,NA,NA,NA,NA,NA,NA,NA,NA,NA,NA,NA,NA,NA,NA,NA,NA,NA,NA,NA,NA,0,0,0,NA,NA,NA,NA,0.112499999999923,6.05416666666651,"node",NA,1.46239030361176,NA,NA,"volta_crypto_wet"
23,406832,128,"P_00100",0.120833333333259,6.06249999999984,5,"P_00060","node","0.120833_6.0625",0,41948.4368612774,41948.4368612774,NA,NA,NA,NA,NA,NA,NA,NA,FALSE,NA,NA,NA,NA,NA,NA,NA,NA,NA,NA,NA,NA,NA,NA,NA,NA,NA,NA,NA,NA,NA,NA,NA,0,0,0,NA,NA,NA,NA,0.120833333333259,6.06249999999984,"JNCT","coincident_confluence_node",4.53433179855347,NA,NA,"volta_crypto_wet"
24,406833,32,"P_00101",0.279166666666591,6.02916666666651,1,"Source00055","JNCT","0.279167_6.029167",996.722012645782,0,0,NA,NA,NA,NA,NA,NA,NA,NA,FALSE,NA,NA,NA,NA,NA,NA,NA,NA,NA,NA,NA,NA,NA,NA,NA,NA,NA,NA,NA,NA,NA,NA,NA,0,0,0,NA,NA,NA,NA,0.279166666666591,6.02916666666651,"JNCT","fan_in_receiver",1.03417837619781,NA,NA,"volta_crypto_wet"
24,406833,0,"Source00055",0.272801595043696,6.03553178338869,2,"LakeIn_1405735","agglomeration",NA,24.8631906165414,998.166741367114,998.166741367114,NA,0.525873598176986,"GH",NA,NA,NA,NA,NA,FALSE,NA,NA,NA,NA,NA,NA,NA,NA,NA,NA,NA,NA,NA,NA,NA,NA,NA,NA,NA,NA,NA,NA,NA,0,0,0,"agglomeration",NA,NA,NA,0.272801595043696,6.03553178338869,"agglomeration",NA,1.90643382072449,NA,NA,"volta_crypto_wet"
24,406833,64,"P_00102",0.270833333333258,6.03749999999984,3,"P_00093","node","0.270833_6.0375",0,1306.82253549026,1306.82253549026,NA,NA,NA,NA,NA,NA,NA,NA,FALSE,NA,NA,NA,NA,NA,NA,NA,NA,NA,NA,NA,NA,NA,NA,NA,NA,NA,NA,NA,NA,NA,NA,NA,0,0,0,NA,NA,NA,NA,0.270833333333258,6.03749999999984,"JNCT","coincident_confluence_node",1.34830093383789,NA,NA,"volta_crypto_wet"
25,407268,128,"P_00103",0.262499999999924,6.00416666666651,1,"Source00056","JNCT","0.2625_6.004167",180.113633565966,0,0,NA,NA,NA,NA,NA,NA,NA,NA,FALSE,NA,NA,NA,NA,NA,NA,NA,NA,NA,NA,NA,NA,NA,NA,NA,NA,NA,NA,NA,NA,NA,NA,NA,0,0,0,NA,NA,NA,NA,0.262499999999924,6.00416666666651,"JNCT","fan_in_receiver",1.96166169643402,NA,NA,"volta_crypto_wet"
25,407268,0,"Source00056",0.263650161725325,6.00531684435638,2,"P_00104","agglomeration",NA,1124.85695177292,180.372849197813,180.372849197813,NA,0.0562025019899011,"GH",NA,NA,NA,NA,NA,FALSE,NA,NA,NA,NA,NA,NA,NA,NA,NA,NA,NA,NA,NA,NA,NA,NA,NA,NA,NA,NA,NA,NA,NA,0,0,0,"agglomeration",NA,NA,NA,0.263650161725325,6.00531684435638,"agglomeration",NA,0.731314241886139,NA,NA,"volta_crypto_wet"
25,407268,64,"P_00104",0.270833333333257,6.01249999999984,3,"Source00057","node","0.270833_6.0125",581.147968564157,1306.85244000151,1306.85244000151,NA,NA,NA,NA,NA,NA,NA,NA,FALSE,NA,NA,NA,NA,NA,NA,NA,NA,NA,NA,NA,NA,NA,NA,NA,NA,NA,NA,NA,NA,NA,NA,NA,0,0,0,NA,NA,NA,NA,0.270833333333257,6.01249999999984,"node",NA,4.81776428222656,NA,NA,"volta_crypto_wet"
25,407268,0,"Source00057",0.270833340021281,6.01775131145189,4,"P_00105","agglomeration",NA,341.078797780627,1890.77254822653,1890.77254822653,NA,0.87303115427494,"GH",NA,NA,NA,NA,NA,FALSE,NA,NA,NA,NA,NA,NA,NA,NA,NA,NA,NA,NA,NA,NA,NA,NA,NA,NA,NA,NA,NA,NA,NA,0,0,0,"agglomeration",NA,NA,NA,0.270833340021281,6.01775131145189,"agglomeration",NA,3.09984374046326,NA,NA,"volta_crypto_wet"
25,407268,128,"P_00105",0.270833333333258,6.02083333333317,5,"LakeIn_1405736_02","node","0.270833_6.020833",120.839869714207,2233.47828314841,2233.47828314841,NA,NA,NA,NA,NA,NA,NA,NA,FALSE,NA,NA,NA,NA,NA,NA,NA,NA,NA,NA,NA,NA,NA,NA,NA,NA,NA,NA,NA,NA,NA,NA,NA,0,0,0,NA,NA,NA,NA,0.270833333333258,6.02083333333317,"node",NA,0.327067881822586,NA,NA,"volta_crypto_wet"
25,407268,32,"P_00106",0.279166666666591,6.02916666666651,6,"P_00101","node","0.279167_6.029167",0,3540.31080047683,3540.31080047683,NA,NA,NA,NA,NA,NA,NA,NA,FALSE,NA,NA,NA,NA,NA,NA,NA,NA,NA,NA,NA,NA,NA,NA,NA,NA,NA,NA,NA,NA,NA,NA,NA,0,0,0,NA,NA,NA,NA,0.279166666666591,6.02916666666651,"JNCT","coincident_confluence_node",1.03417837619781,NA,NA,"volta_crypto_wet"
26,407660,64,"P_00107",0.312499999999922,5.97499999999985,1,"Source00058","START","0.3125_5.975",1391.79131027059,0,0,NA,NA,NA,NA,NA,NA,NA,NA,FALSE,NA,NA,NA,NA,NA,NA,NA,NA,NA,NA,NA,NA,NA,NA,NA,NA,NA,NA,NA,NA,NA,NA,NA,0,0,0,NA,NA,NA,NA,0.312499999999922,5.97499999999985,"START",NA,1.90643382072449,NA,NA,"volta_crypto_wet"
26,407660,0,"Source00058",0.312500127547711,5.98757681068245,2,"P_00108","agglomeration",NA,2758.08392344745,1398.47973641321,1398.47973641321,NA,449.028872374678,"GH",NA,NA,NA,NA,NA,FALSE,NA,NA,NA,NA,NA,NA,NA,NA,NA,NA,NA,NA,NA,NA,NA,NA,NA,NA,NA,NA,NA,NA,NA,0,0,0,"agglomeration",NA,NA,NA,0.312500127547711,5.98757681068245,"agglomeration",NA,1.84955263137817,NA,NA,"volta_crypto_wet"
26,407660,32,"P_00108",0.312499999999922,6.01249999999984,3,"P_00109","node","0.3125_6.0125",2609.83116815892,4169.81629426239,4169.81629426239,NA,NA,NA,NA,NA,NA,NA,NA,FALSE,NA,NA,NA,NA,NA,NA,NA,NA,NA,NA,NA,NA,NA,NA,NA,NA,NA,NA,NA,NA,NA,NA,NA,0,0,0,NA,NA,NA,NA,0.312499999999922,6.01249999999984,"node",NA,2.55281853675842,NA,NA,"volta_crypto_wet"
26,407660,16,"P_00109",0.295833333333256,6.02916666666651,4,"Source00059","node","0.295833_6.029167",905.278906313073,6783.4912969184,6783.4912969184,NA,NA,NA,NA,NA,NA,NA,NA,FALSE,NA,NA,NA,NA,NA,NA,NA,NA,NA,NA,NA,NA,NA,NA,NA,NA,NA,NA,NA,NA,NA,NA,NA,0,0,0,NA,NA,NA,NA,0.295833333333256,6.02916666666651,"node",NA,0.731314241886139,NA,NA,"volta_crypto_wet"
26,407660,0,"Source00059",0.287661967335822,6.02916673050933,5,"LakeIn_1405736","agglomeration",NA,453.223276891793,7687.08120778772,7687.08120778772,NA,3.03992332046619,"GH",NA,NA,NA,NA,NA,FALSE,NA,NA,NA,NA,NA,NA,NA,NA,NA,NA,NA,NA,NA,NA,NA,NA,NA,NA,NA,NA,NA,NA,NA,0,0,0,"agglomeration",NA,NA,NA,0.287661967335822,6.02916673050933,"agglomeration",NA,1.9886988401413,NA,NA,"volta_crypto_wet"
26,407660,32,"P_00110",0.279166666666591,6.02916666666651,6,"P_00101","node","0.279167_6.029167",0,8626.49182492394,8626.49182492394,NA,NA,NA,NA,NA,NA,NA,NA,FALSE,NA,NA,NA,NA,NA,NA,NA,NA,NA,NA,NA,NA,NA,NA,NA,NA,NA,NA,NA,NA,NA,NA,NA,0,0,0,NA,NA,NA,NA,0.279166666666591,6.02916666666651,"JNCT","coincident_confluence_node",1.03417837619781,NA,NA,"volta_crypto_wet"
27,407661,64,"P_00111",0.362499999999923,5.97499999999984,1,"Source00060","START","0.3625_5.975",901.938148284226,0,0,NA,NA,NA,NA,NA,NA,NA,NA,FALSE,NA,NA,NA,NA,NA,NA,NA,NA,NA,NA,NA,NA,NA,NA,NA,NA,NA,NA,NA,NA,NA,NA,NA,0,0,0,NA,NA,NA,NA,0.362499999999923,5.97499999999984,"START",NA,6.19015884399414,NA,NA,"volta_crypto_wet"
27,407661,0,"Source00060",0.362500068402547,5.98315062175339,2,"P_00112","agglomeration",NA,2325.61173636724,906.309210576379,906.309210576379,NA,14.8038968406618,"GH",NA,NA,NA,NA,NA,FALSE,NA,NA,NA,NA,NA,NA,NA,NA,NA,NA,NA,NA,NA,NA,NA,NA,NA,NA,NA,NA,NA,NA,NA,0,0,0,"agglomeration",NA,NA,NA,0.362500068402547,5.98315062175339,"agglomeration",NA,6.54543113708496,NA,NA,"volta_crypto_wet"
27,407661,128,"P_00112",0.362499999999923,6.00416666666651,3,"P_00113","node","0.3625_6.004167",1304.86431148205,3243.19045105366,3243.19045105366,NA,NA,NA,NA,NA,NA,NA,NA,FALSE,NA,NA,NA,NA,NA,NA,NA,NA,NA,NA,NA,NA,NA,NA,NA,NA,NA,NA,NA,NA,NA,NA,NA,0,0,0,NA,NA,NA,NA,0.362499999999923,6.00416666666651,"node",NA,1.66727292537689,NA,NA,"volta_crypto_wet"
27,407661,1,"P_00113",0.370833333333255,6.01249999999984,4,"Source00061","node","0.370833_6.0125",139.995104805982,4550.04289105408,4550.04289105408,NA,NA,NA,NA,NA,NA,NA,NA,FALSE,NA,NA,NA,NA,NA,NA,NA,NA,NA,NA,NA,NA,NA,NA,NA,NA,NA,NA,NA,NA,NA,NA,NA,0,0,0,NA,NA,NA,NA,0.370833333333255,6.01249999999984,"node",NA,2.79228663444519,NA,NA,"volta_crypto_wet"
27,407661,0,"Source00061",0.372097021399684,6.0125000081926,5,"P_00114","agglomeration",NA,783.193629682536,4689.78584480266,4689.78584480266,NA,4.68993271421641,"GH",NA,NA,NA,NA,NA,FALSE,NA,NA,NA,NA,NA,NA,NA,NA,NA,NA,NA,NA,NA,NA,NA,NA,NA,NA,NA,NA,NA,NA,NA,0,0,0,"agglomeration",NA,NA,NA,0.372097021399684,6.0125000081926,"agglomeration",NA,4.09122562408447,NA,NA,"volta_crypto_wet"
27,407661,128,"P_00114",0.379166666666588,6.01249999999984,6,"Source00062","node","0.379167_6.0125",1213.75416942021,5471.57142762979,5471.57142762979,NA,NA,NA,NA,NA,NA,NA,NA,FALSE,NA,NA,NA,NA,NA,NA,NA,NA,NA,NA,NA,NA,NA,NA,NA,NA,NA,NA,NA,NA,NA,NA,NA,0,0,0,NA,NA,NA,NA,0.379166666666588,6.01249999999984,"node",NA,0.981118381023407,NA,NA,"volta_crypto_wet"
27,407661,0,"Source00062",0.386918290605579,6.02025163283497,7,"P_00115","agglomeration",NA,91.0830332595412,6687.19063191306,6687.19063191306,NA,26.1962677931879,"GH",NA,NA,NA,NA,NA,FALSE,NA,NA,NA,NA,NA,NA,NA,NA,NA,NA,NA,NA,NA,NA,NA,NA,NA,NA,NA,NA,NA,NA,NA,0,0,0,"agglomeration",NA,NA,NA,0.386918290605579,6.02025163283497,"agglomeration",NA,0.981118381023407,NA,NA,"volta_crypto_wet"
27,407661,64,"P_00115",0.387499999999925,6.02083333333317,8,"Source00063","node","0.3875_6.020833",107.91604833166,6778.41391312959,6778.41391312959,NA,NA,NA,NA,NA,NA,NA,NA,FALSE,NA,NA,NA,NA,NA,NA,NA,NA,NA,NA,NA,NA,NA,NA,NA,NA,NA,NA,NA,NA,NA,NA,NA,0,0,0,NA,NA,NA,NA,0.387499999999925,6.02083333333317,"node",NA,2.79228663444519,NA,NA,"volta_crypto_wet"
27,407661,0,"Source00063",0.387500002838268,6.02180856561668,9,"P_00116","agglomeration",NA,814.22376009821,6886.85496556611,6886.85496556611,NA,49.451226769248,"GH",NA,NA,NA,NA,NA,FALSE,NA,NA,NA,NA,NA,NA,NA,NA,NA,NA,NA,NA,NA,NA,NA,NA,NA,NA,NA,NA,NA,NA,NA,0,0,0,"agglomeration",NA,NA,NA,0.387500002838268,6.02180856561668,"agglomeration",NA,1.66727292537689,NA,NA,"volta_crypto_wet"
27,407661,128,"P_00116",0.387499999999925,6.02916666666651,10,"LakeIn_1405738","node","0.3875_6.029167",693.207822293959,7705.0397562758,7705.0397562758,NA,NA,NA,NA,NA,NA,NA,NA,FALSE,NA,NA,NA,NA,NA,NA,NA,NA,NA,NA,NA,NA,NA,NA,NA,NA,NA,NA,NA,NA,NA,NA,NA,0,0,0,NA,NA,NA,NA,0.387499999999925,6.02916666666651,"node",NA,1.84955263137817,NA,NA,"volta_crypto_wet"
27,407661,0,"Source00064",0.395833333333258,6.03749999999984,11,"Source00075","agglomeration",NA,0,9011.86229176448,9011.86229176448,NA,158.121373412199,"GH",NA,NA,NA,NA,NA,FALSE,NA,NA,NA,NA,NA,NA,NA,NA,NA,NA,NA,NA,NA,NA,NA,NA,NA,NA,NA,NA,NA,NA,NA,0,0,0,"agglomeration",NA,NA,NA,0.395833333333258,6.03749999999984,"agglomeration",NA,1.30805838108063,NA,NA,"volta_crypto_wet"
27,407661,0,"Source00075",0.395833333333258,6.03749999999984,12,"P_00117","agglomeration_lake",NA,1.16415321826935e-10,9011.86229176448,9011.86229176448,NA,0.103206805884838,"GH",NA,NA,NA,NA,NA,FALSE,NA,NA,NA,NA,NA,NA,NA,NA,NA,NA,NA,NA,NA,NA,NA,NA,NA,NA,NA,NA,NA,NA,NA,0,0,0,"agglomeration_lake",NA,NA,NA,0.395833333333258,6.03749999999984,"agglomeration_lake",NA,1.30805838108063,NA,NA,"volta_crypto_wet"
27,407661,32,"P_00117",0.395833333333258,6.03749999999984,13,"Source00065","node","0.395833_6.0375",708.80091108331,9011.86229176457,9011.86229176457,NA,NA,NA,NA,NA,NA,NA,NA,FALSE,NA,NA,NA,NA,NA,NA,NA,NA,NA,NA,NA,NA,NA,NA,NA,NA,NA,NA,NA,NA,NA,NA,NA,0,0,0,NA,NA,NA,NA,0.395833333333258,6.03749999999984,"node",NA,1.30805838108063,NA,NA,"volta_crypto_wet"
27,407661,0,"Source00065",0.391306481120341,6.04202691368477,14,"P_00118","agglomeration",NA,595.998241954404,9721.75804814558,9721.75804814558,NA,71.2748712884495,"GH",NA,NA,NA,NA,NA,FALSE,NA,NA,NA,NA,NA,NA,NA,NA,NA,NA,NA,NA,NA,NA,NA,NA,NA,NA,NA,NA,NA,NA,NA,0,0,0,"agglomeration",NA,NA,NA,0.391306481120341,6.04202691368477,"agglomeration",NA,2.69511032104492,NA,NA,"volta_crypto_wet"
27,407661,64,"P_00118",0.387499999999925,6.04583333333317,15,"P_00119","node","0.3875_6.045833",922.140564906923,10318.6748317477,10318.6748317477,NA,NA,NA,NA,NA,NA,NA,NA,FALSE,NA,NA,NA,NA,NA,NA,NA,NA,NA,NA,NA,NA,NA,NA,NA,NA,NA,NA,NA,NA,NA,NA,NA,0,0,0,NA,NA,NA,NA,0.387499999999925,6.04583333333317,"node",NA,0,NA,NA,"volta_crypto_wet"
27,407661,128,"P_00119",0.387499999999924,6.05416666666651,16,"P_00073","node","0.3875_6.054167",0,11245.3006748939,11245.3006748939,NA,NA,NA,NA,NA,NA,NA,NA,FALSE,NA,NA,NA,NA,NA,NA,NA,NA,NA,NA,NA,NA,NA,NA,NA,NA,NA,NA,NA,NA,NA,NA,NA,0,0,0,NA,NA,NA,NA,0.387499999999924,6.05416666666651,"JNCT","coincident_confluence_node",1.46239030361176,NA,NA,"volta_crypto_wet"
28,407934,4,"P_00120",0.133333333333259,5.97499999999984,1,"Source00066","START","0.133333_5.975",1358.72961868373,0,0,NA,NA,NA,NA,NA,NA,NA,NA,FALSE,NA,NA,NA,NA,NA,NA,NA,NA,NA,NA,NA,NA,NA,NA,NA,NA,NA,NA,NA,NA,NA,NA,NA,0,0,0,NA,NA,NA,NA,0.133333333333259,5.97499999999984,"START",NA,2.09334683418274,NA,NA,"volta_crypto_wet"
28,407934,0,"Source00066",0.142008779492288,5.96632467364232,2,"P_00121","agglomeration",NA,599.006950017317,1360.54058183621,1360.54058183621,NA,0.0198034634813666,"GH",NA,NA,NA,NA,NA,FALSE,NA,NA,NA,NA,NA,NA,NA,NA,NA,NA,NA,NA,NA,NA,NA,NA,NA,NA,NA,NA,NA,NA,NA,0,0,0,"agglomeration",NA,NA,NA,0.142008779492288,5.96632467364232,"agglomeration",NA,0.654114425182343,NA,NA,"volta_crypto_wet"
28,407934,1,"P_00121",0.145833333333258,5.96249999999984,3,"P_00122","node","0.145833_5.9625",1846.88435784872,1960.34930467659,1960.34930467659,NA,NA,NA,NA,NA,NA,NA,NA,FALSE,NA,NA,NA,NA,NA,NA,NA,NA,NA,NA,NA,NA,NA,NA,NA,NA,NA,NA,NA,NA,NA,NA,NA,0,0,0,NA,NA,NA,NA,0.145833333333258,5.96249999999984,"node",NA,3.08260774612427,NA,NA,"volta_crypto_wet"
28,407934,1,"P_00122",0.162499999999924,5.96249999999984,4,"P_00123","node","0.1625_5.9625",0,3803.5750773202,3803.5750773202,NA,NA,NA,NA,NA,NA,NA,NA,FALSE,NA,NA,NA,NA,NA,NA,NA,NA,NA,NA,NA,NA,NA,NA,NA,NA,NA,NA,NA,NA,NA,NA,NA,0,0,0,NA,NA,NA,NA,0.162499999999924,5.96249999999984,"JNCT","coincident_confluence_node",3.21789216995239,NA,NA,"volta_crypto_wet"
29,407935,1,"P_00123",0.162499999999924,5.96249999999984,1,"P_00124","JNCT","0.1625_5.9625",2770.27686887392,0,0,NA,NA,NA,NA,NA,NA,NA,NA,FALSE,NA,NA,NA,NA,NA,NA,NA,NA,NA,NA,NA,NA,NA,NA,NA,NA,NA,NA,NA,NA,NA,NA,NA,0,0,0,NA,NA,NA,NA,0.162499999999924,5.96249999999984,"JNCT","fan_in_receiver",3.21789216995239,NA,NA,"volta_crypto_wet"
29,407935,128,"P_00124",0.187499999999926,5.96249999999984,2,"Source00067","node","0.1875_5.9625",310.197186595369,2764.83865883434,2764.83865883434,NA,NA,NA,NA,NA,NA,NA,NA,FALSE,NA,NA,NA,NA,NA,NA,NA,NA,NA,NA,NA,NA,NA,NA,NA,NA,NA,NA,NA,NA,NA,NA,NA,0,0,0,NA,NA,NA,NA,0.187499999999926,5.96249999999984,"node",NA,1.34830093383789,NA,NA,"volta_crypto_wet"
29,407935,0,"Source00067",0.189480632181549,5.96448068724143,3,"P_00125","agglomeration",NA,2299.98713596285,3075.46295557244,3075.46295557244,NA,0.0267285215340962,"GH",NA,NA,NA,NA,NA,FALSE,NA,NA,NA,NA,NA,NA,NA,NA,NA,NA,NA,NA,NA,NA,NA,NA,NA,NA,NA,NA,NA,NA,NA,0,0,0,"agglomeration",NA,NA,NA,0.189480632181549,5.96448068724143,"agglomeration",NA,1.90643382072449,NA,NA,"volta_crypto_wet"
29,407935,1,"P_00125",0.204166666666592,5.97916666666651,4,"P_00126","node","0.204167_5.979167",923.371400738189,5378.63278742332,5378.63278742332,NA,NA,NA,NA,NA,NA,NA,NA,FALSE,NA,NA,NA,NA,NA,NA,NA,NA,NA,NA,NA,NA,NA,NA,NA,NA,NA,NA,NA,NA,NA,NA,NA,0,0,0,NA,NA,NA,NA,0.204166666666592,5.97916666666651,"node",NA,2.31148958206177,NA,NA,"volta_crypto_wet"
29,407935,128,"P_00126",0.212499999999925,5.97916666666651,5,"P_00127","node","0.2125_5.979167",1305.05450163614,6300.21763516066,6300.21763516066,NA,NA,NA,NA,NA,NA,NA,NA,FALSE,NA,NA,NA,NA,NA,NA,NA,NA,NA,NA,NA,NA,NA,NA,NA,NA,NA,NA,NA,NA,NA,NA,NA,0,0,0,NA,NA,NA,NA,0.212499999999925,5.97916666666651,"node",NA,2.79228663444519,NA,NA,"volta_crypto_wet"
29,407935,1,"P_00127",0.220833333333257,5.98749999999984,6,"P_00128","node","0.220833_5.9875",923.344382723516,7607.09985664411,7607.09985664411,NA,NA,NA,NA,NA,NA,NA,NA,FALSE,NA,NA,NA,NA,NA,NA,NA,NA,NA,NA,NA,NA,NA,NA,NA,NA,NA,NA,NA,NA,NA,NA,NA,0,0,0,NA,NA,NA,NA,0.220833333333257,5.98749999999984,"node",NA,0.925017297267914,NA,NA,"volta_crypto_wet"
29,407935,128,"P_00128",0.22916666666659,5.98749999999984,7,"P_00129","node","0.229167_5.9875",1305.02643112911,8528.67065583297,8528.67065583297,NA,NA,NA,NA,NA,NA,NA,NA,FALSE,NA,NA,NA,NA,NA,NA,NA,NA,NA,NA,NA,NA,NA,NA,NA,NA,NA,NA,NA,NA,NA,NA,NA,0,0,0,NA,NA,NA,NA,0.22916666666659,5.98749999999984,"node",NA,3.72393560409546,NA,NA,"volta_crypto_wet"
29,407935,1,"P_00129",0.237499999999922,5.99583333333317,8,"P_00130","node","0.2375_5.995833",1846.62841689266,9835.542963826,9835.542963826,NA,NA,NA,NA,NA,NA,NA,NA,FALSE,NA,NA,NA,NA,NA,NA,NA,NA,NA,NA,NA,NA,NA,NA,NA,NA,NA,NA,NA,NA,NA,NA,NA,0,0,0,NA,NA,NA,NA,0.237499999999922,5.99583333333317,"node",NA,1.90643382072449,NA,NA,"volta_crypto_wet"
29,407935,128,"P_00130",0.254166666666592,5.99583333333317,9,"Source00068","node","0.254167_5.995833",1212.46925067337,11678.6564260647,11678.6564260647,NA,NA,NA,NA,NA,NA,NA,NA,FALSE,NA,NA,NA,NA,NA,NA,NA,NA,NA,NA,NA,NA,NA,NA,NA,NA,NA,NA,NA,NA,NA,NA,NA,0,0,0,NA,NA,NA,NA,0.254166666666592,5.99583333333317,"node",NA,3.97261738777161,NA,NA,"volta_crypto_wet"
29,407935,0,"Source00068",0.261909181315448,6.00357585679983,10,"P_00131","agglomeration",NA,92.5201448141904,12892.8655838455,12892.8655838455,NA,0.0978863567579538,"GH",NA,NA,NA,NA,NA,FALSE,NA,NA,NA,NA,NA,NA,NA,NA,NA,NA,NA,NA,NA,NA,NA,NA,NA,NA,NA,NA,NA,NA,NA,0,0,0,"agglomeration",NA,NA,NA,0.261909181315448,6.00357585679983,"agglomeration",NA,0.981118381023407,NA,NA,"volta_crypto_wet"
29,407935,128,"P_00131",0.262499999999924,6.00416666666651,11,"P_00103","node","0.2625_6.004167",0,12985.5188068975,12985.5188068975,NA,NA,NA,NA,NA,NA,NA,NA,FALSE,NA,NA,NA,NA,NA,NA,NA,NA,NA,NA,NA,NA,NA,NA,NA,NA,NA,NA,NA,NA,NA,NA,NA,0,0,0,NA,NA,NA,NA,0.262499999999924,6.00416666666651,"JNCT","coincident_confluence_node",1.96166169643402,NA,NA,"volta_crypto_wet"
30,408070,1,"P_00132",0.149999999999924,5.94999999999985,1,"P_00133","START","0.15_5.95",1957.73016914164,42442.3604163575,42442.3604163575,NA,NA,NA,NA,NA,NA,NA,NA,FALSE,NA,NA,NA,NA,NA,NA,NA,NA,NA,NA,NA,NA,NA,NA,NA,NA,NA,NA,NA,NA,NA,NA,NA,0,0,0,NA,NA,NA,NA,0.149999999999924,5.94999999999985,"START",NA,4.6725640296936,NA,NA,"volta_crypto_wet"
30,408070,1,"P_00133",0.162499999999924,5.96249999999984,2,"P_00123","node","0.1625_5.9625",0,40484.6302472158,40484.6302472158,NA,NA,NA,NA,NA,NA,NA,NA,FALSE,NA,NA,NA,NA,NA,NA,NA,NA,NA,NA,NA,NA,NA,NA,NA,NA,NA,NA,NA,NA,NA,NA,NA,0,0,0,NA,NA,NA,NA,0.162499999999924,5.96249999999984,"JNCT","coincident_confluence_node",3.21789216995239,NA,NA,"volta_crypto_wet"
31,408496,1,"P_00134",0.233333333333256,5.92499999999984,1,"Source00069","START","0.233333_5.925",1690.014142385,0,0,NA,NA,NA,NA,NA,NA,NA,NA,FALSE,NA,NA,NA,NA,NA,NA,NA,NA,NA,NA,NA,NA,NA,NA,NA,NA,NA,NA,NA,NA,NA,NA,NA,0,0,0,NA,NA,NA,NA,0.233333333333256,5.92499999999984,"START",NA,1.17910623550415,NA,NA,"volta_crypto_wet"
31,408496,0,"Source00069",0.24412447272848,5.93579117425756,2,"P_00135","agglomeration",NA,267.620800015576,1692.41367109538,1692.41367109538,NA,2.69031358987559,"GH",NA,NA,NA,NA,NA,FALSE,NA,NA,NA,NA,NA,NA,NA,NA,NA,NA,NA,NA,NA,NA,NA,NA,NA,NA,NA,NA,NA,NA,NA,0,0,0,"agglomeration",NA,NA,NA,0.24412447272848,5.93579117425756,"agglomeration",NA,4.24414873123169,NA,NA,"volta_crypto_wet"
31,408496,64,"P_00135",0.245833333333255,5.93749999999985,3,"Source00070","node","0.245833_5.9375",562.334048311885,1960.41580543131,1960.41580543131,NA,NA,NA,NA,NA,NA,NA,NA,FALSE,NA,NA,NA,NA,NA,NA,NA,NA,NA,NA,NA,NA,NA,NA,NA,NA,NA,NA,NA,NA,NA,NA,NA,0,0,0,NA,NA,NA,NA,0.245833333333255,5.93749999999985,"node",NA,2.06768321990967,NA,NA,"volta_crypto_wet"
31,408496,0,"Source00070",0.245833357882495,5.94258121350669,4,"P_00136","agglomeration",NA,1282.15366261841,2525.421855436,2525.421855436,NA,5.60036375396885,"GH",NA,NA,NA,NA,NA,FALSE,NA,NA,NA,NA,NA,NA,NA,NA,NA,NA,NA,NA,NA,NA,NA,NA,NA,NA,NA,NA,NA,NA,NA,0,0,0,"agglomeration",NA,NA,NA,0.245833357882495,5.94258121350669,"agglomeration",NA,4.75131034851074,NA,NA,"volta_crypto_wet"
31,408496,128,"P_00136",0.245833333333256,5.95416666666651,5,"Source00071","node","0.245833_5.954167",676.029230232423,3813.66749173194,3813.66749173194,NA,NA,NA,NA,NA,NA,NA,NA,FALSE,NA,NA,NA,NA,NA,NA,NA,NA,NA,NA,NA,NA,NA,NA,NA,NA,NA,NA,NA,NA,NA,NA,NA,0,0,0,NA,NA,NA,NA,0.245833333333256,5.95416666666651,"node",NA,4.35526895523071,NA,NA,"volta_crypto_wet"
31,408496,0,"Source00071",0.250150063140825,5.95848342950497,6,"P_00137","agglomeration",NA,629.017901667007,4490.66158363786,4490.66158363786,NA,0.226873004809022,"GH",NA,NA,NA,NA,NA,FALSE,NA,NA,NA,NA,NA,NA,NA,NA,NA,NA,NA,NA,NA,NA,NA,NA,NA,NA,NA,NA,NA,NA,NA,0,0,0,"agglomeration",NA,NA,NA,0.250150063140825,5.95848342950497,"agglomeration",NA,3.36353707313538,NA,NA,"volta_crypto_wet"
31,408496,64,"P_00137",0.254166666666592,5.96249999999984,7,"P_00138","node","0.254167_5.9625",922.23805364001,5120.57937165707,5120.57937165707,NA,NA,NA,NA,NA,NA,NA,NA,FALSE,NA,NA,NA,NA,NA,NA,NA,NA,NA,NA,NA,NA,NA,NA,NA,NA,NA,NA,NA,NA,NA,NA,NA,0,0,0,NA,NA,NA,NA,0.254166666666592,5.96249999999984,"node",NA,1.63491308689117,NA,NA,"volta_crypto_wet"
31,408496,128,"P_00138",0.254166666666591,5.97083333333317,8,"Source00072","node","0.254167_5.970833",2589.41841405258,6047.20521480263,6047.20521480263,NA,NA,NA,NA,NA,NA,NA,NA,FALSE,NA,NA,NA,NA,NA,NA,NA,NA,NA,NA,NA,NA,NA,NA,NA,NA,NA,NA,NA,NA,NA,NA,NA,0,0,0,NA,NA,NA,NA,0.254166666666591,5.97083333333317,"node",NA,3.51823830604553,NA,NA,"volta_crypto_wet"
31,408496,0,"Source00072",0.270701784377112,5.98736845522099,9,"P_00139","agglomeration",NA,20.6000920080072,8640.34968469131,8640.34968469131,NA,0.0299677988514304,"GH",NA,NA,NA,NA,NA,FALSE,NA,NA,NA,NA,NA,NA,NA,NA,NA,NA,NA,NA,NA,NA,NA,NA,NA,NA,NA,NA,NA,NA,NA,0,0,0,"agglomeration",NA,NA,NA,0.270701784377112,5.98736845522099,"agglomeration",NA,1.46239030361176,NA,NA,"volta_crypto_wet"
31,408496,64,"P_00139",0.270833333333258,5.98749999999984,10,"P_00140","node","0.270833_5.9875",922.22602198966,8660.97955741947,8660.97955741947,NA,NA,NA,NA,NA,NA,NA,NA,FALSE,NA,NA,NA,NA,NA,NA,NA,NA,NA,NA,NA,NA,NA,NA,NA,NA,NA,NA,NA,NA,NA,NA,NA,0,0,0,NA,NA,NA,NA,0.270833333333258,5.98749999999984,"node",NA,1.46239030361176,NA,NA,"volta_crypto_wet"
31,408496,32,"P_00140",0.270833333333258,5.99583333333317,11,"Source00073","node","0.270833_5.995833",1145.8094688202,9587.60540056485,9587.60540056485,NA,NA,NA,NA,NA,NA,NA,NA,FALSE,NA,NA,NA,NA,NA,NA,NA,NA,NA,NA,NA,NA,NA,NA,NA,NA,NA,NA,NA,NA,NA,NA,NA,0,0,0,NA,NA,NA,NA,0.270833333333258,5.99583333333317,"node",NA,0.731314241886139,NA,NA,"volta_crypto_wet"
31,408496,0,"Source00073",0.263516445802536,6.00315024754388,12,"P_00141","agglomeration",NA,159.170890638171,10735.0678431531,10735.0678431531,NA,0.151095826178789,"GH",NA,NA,NA,NA,NA,FALSE,NA,NA,NA,NA,NA,NA,NA,NA,NA,NA,NA,NA,NA,NA,NA,NA,NA,NA,NA,NA,NA,NA,NA,0,0,0,"agglomeration",NA,NA,NA,0.263516445802536,6.00315024754388,"agglomeration",NA,2.06768321990967,NA,NA,"volta_crypto_wet"
31,408496,128,"P_00141",0.262499999999924,6.00416666666651,13,"P_00103","node","0.2625_6.004167",0,10894.4677813983,10894.4677813983,NA,NA,NA,NA,NA,NA,NA,NA,FALSE,NA,NA,NA,NA,NA,NA,NA,NA,NA,NA,NA,NA,NA,NA,NA,NA,NA,NA,NA,NA,NA,NA,NA,0,0,0,NA,NA,NA,NA,0.262499999999924,6.00416666666651,"JNCT","coincident_confluence_node",1.96166169643402,NA,NA,"volta_crypto_wet"
32,408497,1,"P_00142",0.408703984453172,6.07916668249471,1,"P_00143","JNCT","0.408704_6.079167",782.839030740797,1565.6714270412,1565.6714270412,NA,NA,NA,NA,NA,NA,NA,NA,FALSE,NA,NA,NA,NA,NA,NA,NA,NA,NA,NA,NA,NA,NA,NA,NA,NA,NA,NA,NA,NA,NA,NA,NA,0,0,0,NA,NA,NA,NA,0.408703984453172,6.07916668249471,"JNCT","fan_in_receiver",0.981118381023407,NA,NA,"volta_crypto_wet"
32,408497,4,"P_00143",0.413703984453172,6.08416668249471,2,"P_00144","node","0.413704_6.084167",782.832396300407,782.832396300407,782.832396300407,NA,NA,NA,NA,NA,NA,NA,NA,FALSE,NA,NA,NA,NA,NA,NA,NA,NA,NA,NA,NA,NA,NA,NA,NA,NA,NA,NA,NA,NA,NA,NA,NA,0,0,0,NA,NA,NA,NA,0.413703984453172,6.08416668249471,"node",NA,0,NA,NA,"volta_crypto_wet"
32,408497,4,"P_00144",0.418703984453172,6.08916668249471,3,NA,"MOUTH","0.418704_6.089167",0,0,0,NA,NA,NA,NA,NA,NA,NA,NA,FALSE,NA,NA,NA,NA,NA,NA,NA,NA,NA,NA,NA,NA,NA,NA,NA,NA,NA,NA,NA,NA,NA,NA,NA,0,0,0,NA,NA,NA,NA,0.418703984453172,6.08916668249471,"MOUTH",NA,2.09334683418274,NA,NA,"volta_crypto_wet"
1,404385,4,"LakeOut_1405738",0.393358990105255,6.03502568551393,1,"Source00064","LakeOutlet","0.2125_6.216667",387.421259839182,0,0,NA,0,NA,NA,NA,NA,NA,NA,FALSE,NA,NA,NA,NA,NA,NA,NA,NA,NA,NA,NA,NA,NA,NA,NA,NA,NA,NA,NA,NA,NA,NA,NA,1405738,0,1,"LakeOutlet",NA,NA,NA,0.393358990105255,6.03502568551393,"LakeOutlet",NA,3.36353707313538,NA,NA,"volta_crypto_wet"
1,404385,4,"LakeIn_1405738",0.391927230731538,6.03359393167749,1,"LakeOut_1405738","LakeInlet","0.2125_6.216667",224.179893870039,0,0,NA,0,NA,NA,NA,NA,NA,NA,FALSE,NA,NA,NA,NA,NA,NA,NA,NA,NA,NA,NA,NA,NA,NA,NA,NA,NA,NA,NA,NA,NA,NA,NA,1405738,1,0,"LakeInlet",NA,NA,NA,0.391927230731538,6.03359393167749,"LakeInlet",NA,4.8941330909729,NA,NA,"volta_crypto_wet"
1,404385,4,"LakeOut_180414",0.273574881332854,6.05690828950747,1,"Source00054","LakeOutlet","0.2125_6.216667",1057.99846124801,0,0,NA,0,NA,NA,NA,NA,NA,NA,FALSE,NA,NA,NA,NA,NA,NA,NA,NA,NA,NA,NA,NA,NA,NA,NA,NA,NA,NA,NA,NA,NA,NA,NA,180414,0,1,"LakeOutlet",NA,NA,NA,0.273574881332854,6.05690828950747,"LakeOutlet",NA,2.35721468925476,NA,NA,"volta_crypto_wet"
1,404385,4,"LakeIn_180414",0.270833349223131,6.05140038286243,1,"LakeOut_180414","LakeInlet","0.2125_6.216667",681.020091988743,0,0,NA,0,NA,NA,NA,NA,NA,NA,FALSE,NA,NA,NA,NA,NA,NA,NA,NA,NA,NA,NA,NA,NA,NA,NA,NA,NA,NA,NA,NA,NA,NA,NA,180414,1,0,"LakeInlet",NA,NA,NA,0.270833349223131,6.05140038286243,"LakeInlet",NA,6.51322650909424,NA,NA,"volta_crypto_wet"
1,404385,4,"LakeOut_1405722",0.280563293404389,6.06389675917179,1,"P_00095","LakeOutlet","0.2125_6.216667",1086.17986021884,0,0,NA,0,NA,NA,NA,NA,NA,NA,FALSE,NA,NA,NA,NA,NA,NA,NA,NA,NA,NA,NA,NA,NA,NA,NA,NA,NA,NA,NA,NA,NA,NA,NA,1405722,0,1,"LakeOutlet",NA,NA,NA,0.280563293404389,6.06389675917179,"LakeOutlet",NA,1.03417837619781,NA,NA,"volta_crypto_wet"
1,404385,4,"LakeIn_1405722",0.279992077449233,6.06332554569728,1,"LakeOut_1405722","LakeInlet","0.2125_6.216667",89.4447334445247,0,0,NA,0,NA,NA,NA,NA,NA,NA,FALSE,NA,NA,NA,NA,NA,NA,NA,NA,NA,NA,NA,NA,NA,NA,NA,NA,NA,NA,NA,NA,NA,NA,NA,1405722,1,0,"LakeInlet",NA,NA,NA,0.279992077449233,6.06332554569728,"LakeInlet","fan_in_receiver",1.03417837619781,NA,NA,"volta_crypto_wet"
1,404385,4,"LakeOut_1405735",0.271765915993943,6.03656744218632,1,"P_00102","LakeOutlet","0.2125_6.216667",146.032870016413,0,0,NA,0,NA,NA,NA,NA,NA,NA,FALSE,NA,NA,NA,NA,NA,NA,NA,NA,NA,NA,NA,NA,NA,NA,NA,NA,NA,NA,NA,NA,NA,NA,NA,1405735,0,1,"LakeOutlet",NA,NA,NA,0.271765915993943,6.03656744218632,"LakeOutlet",NA,3.65181660652161,NA,NA,"volta_crypto_wet"
1,404385,4,"LakeIn_1405735",0.272642816685838,6.03569055914313,1,"LakeOut_1405735","LakeInlet","0.2125_6.216667",137.314101741543,0,0,NA,0,NA,NA,NA,NA,NA,NA,FALSE,NA,NA,NA,NA,NA,NA,NA,NA,NA,NA,NA,NA,NA,NA,NA,NA,NA,NA,NA,NA,NA,NA,NA,1405735,1,0,"LakeInlet",NA,NA,NA,0.272642816685838,6.03569055914313,"LakeInlet",NA,1.90643382072449,NA,NA,"volta_crypto_wet"
1,404385,4,"LakeOut_1405736",0.281718900636635,6.02916669979665,1,"P_00110","LakeOutlet","0.2125_6.216667",282.756284510072,0,0,NA,0,NA,NA,NA,NA,NA,NA,FALSE,NA,NA,NA,NA,NA,NA,NA,NA,NA,NA,NA,NA,NA,NA,NA,NA,NA,NA,NA,NA,NA,NA,NA,1405736,0,1,"LakeOutlet",NA,NA,NA,0.281718900636635,6.02916669979665,"LakeOutlet","fan_in_receiver",4.35526895523071,NA,NA,"volta_crypto_wet"
1,404385,4,"LakeIn_1405736",0.283571035174691,6.02916671633657,1,"LakeOut_1405736","LakeInlet","0.2125_6.216667",205.193463837728,0,0,NA,0,NA,NA,NA,NA,NA,NA,FALSE,NA,NA,NA,NA,NA,NA,NA,NA,NA,NA,NA,NA,NA,NA,NA,NA,NA,NA,NA,NA,NA,NA,NA,1405736,1,0,"LakeInlet",NA,NA,NA,0.283571035174691,6.02916671633657,"LakeInlet",NA,3.01266980171204,NA,NA,"volta_crypto_wet"
1,404385,4,"LakeIn_1405736_02",0.271605003608553,6.02160501494269,1,"LakeOut_1405736","LakeInlet","0.2125_6.216667",1398.50477404355,0,0,NA,0,NA,NA,NA,NA,NA,NA,FALSE,NA,NA,NA,NA,NA,NA,NA,NA,NA,NA,NA,NA,NA,NA,NA,NA,NA,NA,NA,NA,NA,NA,NA,1405736,1,0,"LakeInlet",NA,NA,NA,0.271605003608553,6.02160501494269,"LakeInlet",NA,3.98597240447998,NA,NA,"volta_crypto_wet"
